playerID,assetID,sessionStart,sessionEnd
100474,5442,7/14/20 2:23,7/14/20 2:49
100474,5640,7/14/20 2:50,7/14/20 3:45
100474,5639,7/14/20 3:45,7/14/20 4:48
102284,5878,7/13/20 19:57,7/13/20 20:11
102284,6017,7/13/20 20:12,7/13/20 20:28
102284,5930,7/13/20 20:29,7/13/20 20:33
102284,5971,7/13/20 20:35,7/13/20 20:47
102284,6023,7/13/20 20:49,7/13/20 20:53
102284,6050,7/13/20 20:54,7/13/20 21:09
102284,6051,7/13/20 21:25,7/13/20 21:29
102284,5856,7/13/20 21:34,7/13/20 21:35
102284,6011,7/13/20 21:35,7/13/20 21:38
102284,6047,7/13/20 21:38,7/13/20 21:43
102284,6002,7/13/20 21:45,7/13/20 22:13
10229,5990,7/13/20 16:54,7/13/20 18:12
10229,5931,7/13/20 18:14,7/13/20 18:19
10229,5991,7/13/20 18:21,7/13/20 20:14
10230,6014,7/13/20 16:55,7/13/20 16:57
10230,5979,7/13/20 16:58,7/13/20 17:00
10230,5989,7/13/20 17:00,7/13/20 17:13
10230,5930,7/13/20 17:17,7/13/20 17:19
10230,6032,7/13/20 17:42,7/13/20 17:48
10230,5644,7/13/20 17:48,7/13/20 17:51
10230,5903,7/13/20 17:51,7/13/20 17:52
10230,5642,7/13/20 17:53,7/13/20 18:06
10230,5902,7/13/20 18:05,7/13/20 18:10
10230,5992,7/13/20 18:22,7/13/20 20:14
102788,6030,7/13/20 20:40,7/13/20 21:09
102788,6024,7/13/20 20:51,7/13/20 20:58
105865,6032,7/13/20 20:51,7/13/20 20:55
105865,5642,7/13/20 20:55,7/13/20 21:06
105865,5821,7/13/20 21:06,7/13/20 21:09
10632,6009,7/13/20 21:09,7/13/20 21:13
10632,5852,7/13/20 21:14,7/13/20 21:18
10632,5847,7/13/20 21:19,7/13/20 21:23
10632,6010,7/13/20 21:23,7/13/20 22:57
10634,6010,7/13/20 21:02,7/13/20 22:46
10634,6008,7/13/20 23:23,7/13/20 23:43
10634,5855,7/14/20 0:06,7/14/20 1:03
10634,5856,7/14/20 0:22,7/14/20 0:51
10634,5857,7/14/20 0:25,7/14/20 0:43
10732,6039,7/13/20 19:01,7/13/20 19:04
10732,5990,7/13/20 19:05,7/13/20 19:11
10732,6042,7/13/20 19:14,7/13/20 19:18
10732,5117,7/13/20 19:22,7/13/20 19:32
108208,5439,7/13/20 19:04,7/13/20 19:10
108314,3825,7/14/20 0:25,7/14/20 0:32
108333,5987,7/13/20 19:56,7/13/20 19:58
108333,5644,7/13/20 19:58,7/13/20 20:04
108333,5772,7/13/20 20:05,7/13/20 23:02
108333,6008,7/13/20 20:08,7/13/20 20:09
108333,6009,7/13/20 20:10,7/13/20 21:06
108333,5587,7/13/20 21:09,7/13/20 22:46
108333,5848,7/13/20 21:31,7/13/20 21:44
108333,6040,7/13/20 22:10,7/13/20 22:19
108333,3837,7/13/20 22:21,7/13/20 22:31
108333,5385,7/13/20 22:31,7/13/20 22:34
108333,4900,7/13/20 22:47,7/13/20 22:49
108333,5868,7/13/20 23:02,7/13/20 23:05
1086,5441,7/13/20 14:13,7/13/20 14:17
1086,5849,7/13/20 14:17,7/13/20 15:15
109965,3532,7/13/20 19:30,7/13/20 19:35
109965,5117,7/13/20 19:36,7/13/20 19:38
109965,5638,7/13/20 19:39,7/13/20 20:28
109965,6028,7/13/20 20:31,7/13/20 20:34
109965,4880,7/13/20 20:34,7/13/20 20:50
110779,5878,7/13/20 17:31,7/13/20 17:50
110779,5930,7/13/20 17:54,7/13/20 18:03
110779,6017,7/13/20 18:04,7/13/20 18:12
110779,5879,7/13/20 18:22,7/13/20 19:20
110779,5909,7/13/20 19:37,7/13/20 19:38
111270,5879,7/13/20 17:30,7/13/20 17:43
111412,5867,7/13/20 18:56,7/13/20 19:27
111702,5902,7/14/20 0:02,7/14/20 0:04
111702,5642,7/14/20 0:04,7/14/20 2:03
111702,5979,7/14/20 0:17,7/14/20 0:35
111702,5903,7/14/20 0:37,7/14/20 0:40
111702,5442,7/14/20 0:41,7/14/20 0:45
111702,5885,7/14/20 0:49,7/14/20 1:00
111702,5817,7/14/20 1:01,7/14/20 1:08
111702,5746,7/14/20 1:08,7/14/20 1:22
111702,6056,7/14/20 1:23,7/14/20 1:36
111702,5749,7/14/20 1:36,7/14/20 1:40
111702,5638,7/14/20 1:41,7/14/20 1:43
112161,3828,7/13/20 19:38,7/13/20 19:42
112161,3825,7/13/20 19:42,7/13/20 19:46
112161,5123,7/13/20 19:48,7/13/20 19:53
112161,9034,7/13/20 19:55,7/13/20 19:56
112161,3235,7/13/20 19:56,7/13/20 20:00
112161,5439,7/13/20 20:02,7/13/20 20:27
112161,5692,7/13/20 20:30,7/13/20 20:51
112284,3185,7/13/20 19:31,7/13/20 19:37
11245,4696,7/13/20 19:15,7/13/20 19:46
11245,4694,7/13/20 19:17,7/13/20 19:18
11245,4693,7/13/20 19:18,7/13/20 19:21
11245,4695,7/13/20 19:21,7/13/20 19:22
11245,5480,7/13/20 19:47,7/13/20 19:56
113135,5989,7/13/20 19:12,7/13/20 20:01
114732,9109,7/13/20 20:35,7/13/20 22:08
114732,9034,7/13/20 21:43,7/13/20 21:50
114761,6046,7/13/20 15:08,7/13/20 15:14
114761,9000,7/13/20 15:15,7/13/20 15:18
114761,3235,7/13/20 15:18,7/13/20 15:23
114761,5442,7/13/20 15:24,7/13/20 15:28
114949,5594,7/13/20 18:10,7/13/20 20:13
115874,3534,7/13/20 15:39,7/13/20 16:09
115874,3829,7/13/20 16:26,7/13/20 20:00
115874,3837,7/13/20 18:16,7/13/20 18:27
115874,3828,7/13/20 18:55,7/13/20 19:09
117265,3514,7/13/20 20:01,7/13/20 21:42
118150,5969,7/13/20 19:25,7/13/20 19:29
118150,4336,7/13/20 19:30,7/13/20 20:01
118150,6017,7/13/20 19:39,7/13/20 19:50
118150,5886,7/13/20 19:51,7/13/20 19:54
118150,6022,7/13/20 19:54,7/13/20 19:56
118150,4605,7/13/20 20:18,7/13/20 20:26
118150,6035,7/13/20 20:29,7/13/20 20:33
118150,6048,7/13/20 20:33,7/13/20 20:40
1182,3991,7/13/20 19:41,7/13/20 20:11
1182,5906,7/13/20 19:42,7/13/20 20:06
1182,6029,7/13/20 19:54,7/13/20 21:19
1182,5587,7/13/20 20:11,7/13/20 20:22
1182,5983,7/13/20 20:23,7/13/20 20:44
1182,5981,7/13/20 20:45,7/13/20 20:57
1182,3235,7/13/20 20:57,7/13/20 21:00
1185,5855,7/13/20 19:27,7/13/20 19:36
1185,5906,7/13/20 19:37,7/13/20 20:10
1185,5183,7/13/20 20:17,7/13/20 20:26
1185,5182,7/13/20 20:42,7/13/20 21:13
119023,5919,7/14/20 0:44,7/14/20 1:00
119023,5962,7/14/20 1:01,7/14/20 1:09
119023,5380,7/14/20 1:09,7/14/20 1:21
119023,6022,7/14/20 1:21,7/14/20 1:29
119023,5887,7/14/20 1:29,7/14/20 1:51
119023,5888,7/14/20 1:53,7/14/20 1:58
119023,5990,7/14/20 2:00,7/14/20 3:22
119023,5989,7/14/20 3:23,7/14/20 3:30
119023,4693,7/14/20 3:37,7/14/20 3:41
119023,5996,7/14/20 3:42,7/14/20 3:46
119023,5995,7/14/20 3:47,7/14/20 3:50
119023,4523,7/14/20 3:51,7/14/20 3:52
119023,6046,7/14/20 3:53,7/14/20 3:55
119023,5749,7/14/20 4:02,7/14/20 4:05
119023,6028,7/14/20 4:05,7/14/20 4:09
120532,5416,7/14/20 2:24,7/14/20 2:46
120532,5418,7/14/20 2:48,7/14/20 2:56
120532,5910,7/14/20 2:56,7/14/20 3:39
120532,5848,7/14/20 3:22,7/14/20 3:26
120532,5909,7/14/20 3:41,7/14/20 3:42
121672,6032,7/13/20 16:13,7/13/20 16:15
125777,5712,7/14/20 0:57,7/14/20 1:03
125777,5549,7/14/20 1:04,7/14/20 1:09
125777,5920,7/14/20 1:10,7/14/20 1:14
125777,5903,7/14/20 1:15,7/14/20 1:18
125777,5966,7/14/20 1:18,7/14/20 1:26
128098,6024,7/13/20 20:43,7/13/20 20:48
128098,6030,7/13/20 20:50,7/13/20 21:02
128098,4880,7/13/20 21:03,7/13/20 21:10
128578,4957,7/14/20 0:42,7/14/20 0:48
128578,4956,7/14/20 0:52,7/14/20 0:53
133196,6042,7/13/20 22:25,7/13/20 23:32
133196,5544,7/13/20 22:36,7/13/20 22:38
133196,6023,7/13/20 22:39,7/13/20 22:54
133196,5615,7/13/20 22:56,7/13/20 23:03
133196,6056,7/13/20 23:07,7/13/20 23:13
133196,5835,7/13/20 23:35,7/13/20 23:36
133196,5890,7/13/20 23:40,7/13/20 23:45
13663,5910,7/13/20 17:03,7/13/20 22:57
13663,5443,7/13/20 17:15,7/13/20 17:36
13663,5418,7/13/20 17:41,7/13/20 23:22
13663,5550,7/13/20 17:54,7/13/20 17:55
13663,5549,7/13/20 17:55,7/13/20 23:14
13663,5854,7/13/20 19:06,7/13/20 19:11
13663,5849,7/13/20 19:12,7/13/20 19:13
13663,5848,7/13/20 19:15,7/13/20 19:17
13663,5639,7/13/20 19:17,7/13/20 19:22
13663,6030,7/13/20 19:23,7/13/20 20:19
13663,5907,7/13/20 19:30,7/13/20 19:43
13663,5908,7/13/20 19:43,7/13/20 19:53
13663,5548,7/13/20 19:46,7/13/20 21:35
13663,5909,7/13/20 19:57,7/13/20 22:48
13663,4957,7/13/20 20:27,7/13/20 20:30
13663,5444,7/13/20 20:36,7/13/20 20:40
13663,5416,7/13/20 20:41,7/13/20 21:34
13663,5693,7/13/20 22:57,7/13/20 23:11
13663,5417,7/13/20 23:15,7/13/20 23:20
144058,6048,7/14/20 2:25,7/14/20 2:28
144058,5549,7/14/20 2:28,7/14/20 3:27
144058,5550,7/14/20 3:01,7/14/20 3:04
144058,6033,7/14/20 3:41,7/14/20 3:45
144752,5601,7/13/20 19:33,7/13/20 20:14
144958,6010,7/13/20 15:35,7/13/20 15:38
144958,6048,7/13/20 15:38,7/13/20 15:48
144958,5836,7/13/20 15:49,7/13/20 15:51
144958,5839,7/13/20 15:52,7/13/20 15:58
144958,5460,7/13/20 15:59,7/13/20 16:02
144958,5461,7/13/20 16:03,7/13/20 16:05
144958,5587,7/13/20 16:08,7/13/20 16:08
144958,5589,7/13/20 16:09,7/13/20 16:11
144958,5693,7/13/20 16:14,7/13/20 16:32
144958,3553,7/13/20 16:33,7/13/20 16:52
144958,5087,7/13/20 16:52,7/13/20 17:11
144958,5392,7/13/20 17:11,7/13/20 17:25
144958,6020,7/13/20 17:25,7/13/20 17:41
144958,5894,7/13/20 17:41,7/13/20 17:51
15052,5590,7/13/20 16:22,7/13/20 16:29
15052,5386,7/13/20 21:13,7/13/20 21:21
15052,5087,7/13/20 21:22,7/13/20 21:57
15052,3553,7/13/20 21:25,7/13/20 22:08
15052,5385,7/13/20 21:58,7/13/20 22:05
153595,6004,7/13/20 18:17,7/13/20 18:18
153595,6001,7/13/20 18:19,7/13/20 18:25
153595,5893,7/13/20 18:26,7/13/20 18:33
153595,5894,7/13/20 18:33,7/13/20 18:55
153595,6003,7/13/20 18:55,7/13/20 19:02
153595,6002,7/13/20 19:03,7/13/20 19:04
153595,5381,7/13/20 19:11,7/13/20 19:13
153595,6032,7/13/20 19:14,7/13/20 19:18
153595,5642,7/13/20 19:18,7/13/20 19:24
153621,3837,7/14/20 2:13,7/14/20 2:28
153621,3825,7/14/20 3:05,7/14/20 3:23
159273,5981,7/13/20 21:27,7/13/20 21:31
159273,3991,7/13/20 21:32,7/13/20 23:08
16180,5823,7/13/20 23:03,7/14/20 2:48
16180,5904,7/14/20 0:43,7/14/20 1:05
16180,5693,7/14/20 1:06,7/14/20 1:47
16180,5638,7/14/20 1:11,7/14/20 1:32
16180,5639,7/14/20 1:48,7/14/20 1:49
16180,4900,7/14/20 1:51,7/14/20 1:59
16180,5852,7/14/20 2:51,7/14/20 2:58
16180,5821,7/14/20 3:00,7/14/20 3:05
164086,5989,7/14/20 0:07,7/14/20 0:31
164086,5990,7/14/20 0:32,7/14/20 0:33
164086,5992,7/14/20 0:33,7/14/20 1:26
165669,4275,7/13/20 22:24,7/13/20 22:29
165669,5549,7/13/20 22:33,7/13/20 22:40
165669,6025,7/13/20 22:45,7/13/20 22:47
165669,5616,7/13/20 22:56,7/13/20 22:59
165669,5392,7/13/20 23:12,7/13/20 23:17
167254,5481,7/13/20 14:08,7/13/20 15:30
16769,4524,7/13/20 20:13,7/13/20 20:43
16769,5856,7/13/20 20:35,7/13/20 20:35
168898,6043,7/13/20 22:42,7/13/20 22:45
168915,3185,7/14/20 3:06,7/14/20 3:12
16959,5641,7/14/20 0:01,7/14/20 2:04
16959,5440,7/14/20 1:39,7/14/20 1:42
170629,3227,7/14/20 2:22,7/14/20 2:24
170629,3226,7/14/20 2:25,7/14/20 4:48
171425,5693,7/14/20 3:17,7/14/20 3:28
171427,5906,7/14/20 3:34,7/14/20 4:47
176407,9109,7/13/20 15:20,7/13/20 15:22
179925,6046,7/13/20 16:38,7/13/20 16:54
179925,9000,7/13/20 16:56,7/13/20 16:57
180530,6021,7/13/20 22:43,7/13/20 23:43
180530,5894,7/13/20 23:44,7/13/20 23:52
180530,5893,7/13/20 23:53,7/14/20 0:08
180530,5930,7/14/20 0:08,7/14/20 0:21
180530,5642,7/14/20 0:21,7/14/20 0:29
181928,6030,7/13/20 21:38,7/13/20 21:40
181928,9000,7/13/20 21:47,7/13/20 21:51
181928,3185,7/13/20 21:52,7/13/20 21:54
183824,5642,7/14/20 0:30,7/14/20 0:32
183824,6014,7/14/20 0:33,7/14/20 0:41
183824,5979,7/14/20 0:45,7/14/20 0:53
183824,5903,7/14/20 0:53,7/14/20 1:02
183824,5838,7/14/20 1:03,7/14/20 1:12
183824,6004,7/14/20 1:13,7/14/20 1:16
183824,5892,7/14/20 1:16,7/14/20 1:51
183824,5855,7/14/20 1:52,7/14/20 2:04
183934,5548,7/13/20 22:20,7/13/20 22:21
183934,5549,7/13/20 22:21,7/13/20 22:26
183934,5854,7/13/20 22:28,7/13/20 22:33
183934,5417,7/13/20 22:33,7/13/20 22:38
184126,5968,7/13/20 23:07,7/14/20 0:02
184126,5969,7/13/20 23:40,7/13/20 23:58
184126,5902,7/14/20 0:58,7/14/20 1:09
184127,5967,7/13/20 23:16,7/13/20 23:25
185856,5642,7/13/20 14:38,7/13/20 14:39
185856,5839,7/13/20 14:39,7/13/20 14:41
185856,5902,7/13/20 14:42,7/13/20 14:42
185856,6032,7/13/20 14:42,7/13/20 14:44
185856,5821,7/13/20 14:44,7/13/20 17:25
185856,5644,7/13/20 14:45,7/13/20 17:22
185856,5903,7/13/20 14:46,7/13/20 17:21
185856,5871,7/13/20 14:47,7/13/20 14:48
185856,5873,7/13/20 14:49,7/13/20 14:49
185856,6014,7/13/20 14:50,7/13/20 14:50
185856,6016,7/13/20 14:50,7/13/20 14:51
185856,5979,7/13/20 14:51,7/13/20 14:52
185856,5382,7/13/20 14:52,7/13/20 14:53
185856,5888,7/13/20 14:53,7/13/20 14:54
185856,5887,7/13/20 14:54,7/13/20 14:54
185856,5886,7/13/20 14:55,7/13/20 14:55
185856,5889,7/13/20 14:56,7/13/20 14:57
185856,5885,7/13/20 14:59,7/13/20 15:00
185856,5480,7/13/20 15:00,7/13/20 15:01
185856,5183,7/13/20 15:08,7/13/20 15:09
185856,5182,7/13/20 15:09,7/13/20 15:09
185856,5639,7/13/20 15:10,7/13/20 15:14
185856,5482,7/13/20 15:23,7/13/20 15:23
185856,5478,7/13/20 15:23,7/13/20 15:24
185856,4442,7/13/20 15:25,7/13/20 15:28
185856,4275,7/13/20 15:28,7/13/20 15:29
185856,4274,7/13/20 15:29,7/13/20 15:29
185856,5385,7/13/20 15:29,7/13/20 15:30
185856,5386,7/13/20 15:31,7/13/20 15:31
185856,5849,7/13/20 15:31,7/13/20 15:32
185856,5441,7/13/20 15:32,7/13/20 15:33
185856,5442,7/13/20 15:32,7/13/20 15:33
185856,5638,7/13/20 15:33,7/13/20 15:35
185856,5640,7/13/20 15:34,7/13/20 15:36
185856,6030,7/13/20 15:35,7/13/20 15:36
185856,6029,7/13/20 15:36,7/13/20 15:37
185856,5910,7/13/20 15:37,7/13/20 15:39
185856,5909,7/13/20 15:39,7/13/20 15:40
185856,6045,7/13/20 15:40,7/13/20 15:41
185856,5784,7/13/20 15:41,7/13/20 15:42
185856,5783,7/13/20 15:42,7/13/20 15:45
185856,6036,7/13/20 15:46,7/13/20 16:01
185856,6037,7/13/20 15:47,7/13/20 15:48
185856,6046,7/13/20 16:01,7/13/20 16:02
185856,5848,7/13/20 16:02,7/13/20 16:03
185856,6034,7/13/20 16:03,7/13/20 16:04
185856,5854,7/13/20 16:04,7/13/20 16:05
185856,5847,7/13/20 16:05,7/13/20 16:07
185856,4694,7/13/20 16:10,7/13/20 16:11
185856,4695,7/13/20 16:11,7/13/20 16:11
185856,6003,7/13/20 16:12,7/13/20 16:13
185856,6002,7/13/20 16:13,7/13/20 16:14
185856,5776,7/13/20 16:15,7/13/20 16:15
185856,4693,7/13/20 16:15,7/13/20 16:16
185856,6033,7/13/20 16:16,7/13/20 16:17
185856,5823,7/13/20 16:17,7/13/20 16:18
185856,5904,7/13/20 16:18,7/13/20 16:19
185856,4900,7/13/20 16:19,7/13/20 16:20
185856,5544,7/13/20 16:21,7/13/20 16:21
185856,5545,7/13/20 16:22,7/13/20 16:22
185856,6047,7/13/20 16:22,7/13/20 16:25
185856,6048,7/13/20 16:25,7/13/20 16:26
185856,5548,7/13/20 16:26,7/13/20 16:27
185856,5925,7/13/20 16:27,7/13/20 16:27
185856,5521,7/13/20 16:28,7/13/20 16:28
185856,5445,7/13/20 16:29,7/13/20 16:29
185856,5446,7/13/20 16:29,7/13/20 16:30
185856,5070,7/13/20 16:30,7/13/20 16:32
185856,5391,7/13/20 16:38,7/13/20 16:38
185856,5392,7/13/20 16:39,7/13/20 16:39
185856,5481,7/13/20 16:39,7/13/20 16:40
185856,5393,7/13/20 16:40,7/13/20 16:41
185856,6005,7/13/20 16:41,7/13/20 16:42
185856,6008,7/13/20 16:42,7/13/20 16:44
185856,6024,7/13/20 16:45,7/13/20 16:46
185856,6023,7/13/20 16:46,7/13/20 16:49
185856,6025,7/13/20 16:49,7/13/20 16:50
185856,6026,7/13/20 16:50,7/13/20 16:51
185856,5746,7/13/20 16:52,7/13/20 16:53
185856,5749,7/13/20 16:53,7/13/20 17:01
185856,6041,7/13/20 17:04,7/13/20 17:06
185856,6040,7/13/20 17:06,7/13/20 17:07
185856,6035,7/13/20 17:07,7/13/20 17:08
185856,3828,7/13/20 17:08,7/13/20 17:09
185856,3825,7/13/20 17:09,7/13/20 17:10
185856,3534,7/13/20 17:10,7/13/20 17:11
185856,3530,7/13/20 17:11,7/13/20 17:11
185856,6043,7/13/20 17:12,7/13/20 17:12
185856,6042,7/13/20 17:13,7/13/20 17:13
185856,5931,7/13/20 17:13,7/13/20 17:15
185856,5712,7/13/20 17:15,7/13/20 17:18
185856,5711,7/13/20 17:18,7/13/20 17:18
185856,5989,7/13/20 17:18,7/13/20 17:20
185856,5930,7/13/20 17:20,7/13/20 17:20
185856,5998,7/13/20 17:27,7/13/20 17:28
185856,5997,7/13/20 17:28,7/13/20 17:30
185856,5996,7/13/20 17:30,7/13/20 17:31
185856,5995,7/13/20 17:31,7/13/20 17:32
185856,5994,7/13/20 17:32,7/13/20 17:33
185856,5891,7/13/20 17:33,7/13/20 17:34
185856,5890,7/13/20 17:34,7/13/20 17:34
185856,5836,7/13/20 17:35,7/13/20 17:35
185856,5835,7/13/20 17:35,7/13/20 17:35
185856,5834,7/13/20 17:36,7/13/20 17:36
185856,5919,7/13/20 17:36,7/13/20 17:37
185856,5962,7/13/20 17:37,7/13/20 17:38
185856,5972,7/13/20 17:38,7/13/20 17:38
185856,5971,7/13/20 17:39,7/13/20 17:40
185856,5987,7/13/20 17:40,7/13/20 17:41
185856,3920,7/13/20 17:42,7/13/20 17:44
185856,5601,7/13/20 17:45,7/13/20 17:48
1881,3900,7/13/20 17:58,7/13/20 18:17
1881,9034,7/13/20 18:17,7/13/20 18:22
1881,4441,7/13/20 18:22,7/13/20 18:27
1881,5910,7/13/20 18:28,7/13/20 18:30
190916,6003,7/13/20 14:14,7/13/20 14:24
190916,5855,7/13/20 14:24,7/13/20 14:25
190916,6010,7/13/20 14:25,7/13/20 14:31
190916,6005,7/13/20 14:31,7/13/20 14:33
190916,6007,7/13/20 14:33,7/13/20 14:38
190916,6041,7/13/20 14:39,7/13/20 14:41
190916,5885,7/13/20 14:41,7/13/20 14:42
190916,3837,7/13/20 14:42,7/13/20 14:53
190916,3829,7/13/20 14:53,7/13/20 15:06
190916,5087,7/13/20 15:07,7/13/20 15:16
190916,3235,7/13/20 15:16,7/13/20 15:18
190916,5123,7/13/20 15:18,7/13/20 15:19
190916,3898,7/13/20 15:19,7/13/20 15:20
190916,3900,7/13/20 15:21,7/13/20 15:22
190916,6046,7/13/20 15:22,7/13/20 15:23
192436,6047,7/14/20 3:12,7/14/20 3:26
192436,6007,7/14/20 3:26,7/14/20 3:30
192673,5823,7/13/20 18:41,7/13/20 18:42
193025,6024,7/13/20 22:08,7/13/20 22:21
193025,6023,7/13/20 22:21,7/13/20 22:25
193025,6025,7/13/20 22:26,7/13/20 22:30
193025,6026,7/13/20 22:30,7/13/20 22:31
193025,6008,7/13/20 22:32,7/13/20 22:55
193025,6006,7/13/20 22:42,7/13/20 22:45
193025,5550,7/13/20 22:56,7/13/20 22:59
193025,5854,7/13/20 23:00,7/13/20 23:03
193025,5544,7/13/20 23:03,7/13/20 23:04
193025,5879,7/13/20 23:04,7/13/20 23:06
193025,5878,7/13/20 23:07,7/13/20 23:08
193025,6019,7/13/20 23:08,7/13/20 23:09
193025,5837,7/13/20 23:10,7/13/20 23:11
193025,5836,7/13/20 23:12,7/14/20 0:42
193025,6001,7/13/20 23:16,7/13/20 23:35
193025,6002,7/13/20 23:18,7/14/20 0:07
193025,5892,7/13/20 23:24,7/14/20 0:36
193025,5838,7/13/20 23:40,7/14/20 0:27
193025,4694,7/13/20 23:55,7/14/20 0:02
193025,4695,7/14/20 0:02,7/14/20 0:04
193025,6003,7/14/20 0:08,7/14/20 0:16
193025,5776,7/14/20 0:17,7/14/20 0:22
193025,5971,7/14/20 0:27,7/14/20 0:29
193025,5893,7/14/20 0:36,7/14/20 0:39
193025,5894,7/14/20 0:42,7/14/20 0:46
193025,5890,7/14/20 0:48,7/14/20 0:55
193025,6020,7/14/20 0:55,7/14/20 0:58
193025,5979,7/14/20 0:58,7/14/20 1:01
193025,5642,7/14/20 1:02,7/14/20 1:04
193025,6016,7/14/20 1:04,7/14/20 1:05
193025,5902,7/14/20 1:09,7/14/20 1:11
193025,6032,7/14/20 1:11,7/14/20 1:13
19803,4695,7/13/20 19:27,7/13/20 19:29
19874,5412,7/13/20 23:57,7/14/20 0:35
19874,5594,7/14/20 0:36,7/14/20 1:38
19874,6056,7/14/20 1:38,7/14/20 2:31
19874,9034,7/14/20 2:36,7/14/20 2:40
19874,6035,7/14/20 2:40,7/14/20 2:47
19935,5821,7/13/20 16:41,7/13/20 17:11
19935,6014,7/13/20 17:12,7/13/20 17:14
19935,5906,7/13/20 17:15,7/13/20 17:42
19935,5907,7/13/20 17:42,7/13/20 17:50
19935,5908,7/13/20 17:50,7/13/20 18:03
19935,5968,7/13/20 18:03,7/13/20 18:07
19935,5969,7/13/20 18:07,7/13/20 18:16
19935,5970,7/13/20 18:17,7/13/20 18:33
19935,5967,7/13/20 18:33,7/13/20 18:41
19935,6020,7/13/20 18:45,7/13/20 18:46
19935,6003,7/13/20 18:49,7/13/20 18:54
19935,6004,7/13/20 18:54,7/13/20 19:17
19935,5909,7/13/20 19:18,7/13/20 19:30
19935,6001,7/13/20 19:36,7/13/20 19:42
199595,3530,7/13/20 17:19,7/13/20 17:53
199595,3534,7/13/20 17:42,7/13/20 18:36
200926,5603,7/13/20 22:32,7/14/20 2:15
201263,4693,7/13/20 19:36,7/13/20 20:36
201263,4695,7/13/20 19:40,7/13/20 20:00
201263,5920,7/13/20 19:48,7/13/20 19:50
201263,5892,7/13/20 19:50,7/13/20 19:52
201263,4694,7/13/20 19:55,7/13/20 20:50
201263,5776,7/13/20 20:18,7/13/20 20:23
201263,4696,7/13/20 20:36,7/13/20 20:39
201976,6022,7/13/20 17:18,7/13/20 17:22
208035,3837,7/13/20 21:34,7/13/20 21:37
208035,3532,7/13/20 21:37,7/13/20 21:44
208035,3825,7/13/20 21:44,7/13/20 23:12
208035,3828,7/13/20 21:48,7/13/20 21:51
208035,4274,7/13/20 21:52,7/13/20 22:05
208035,3235,7/13/20 22:06,7/13/20 22:08
208035,4336,7/13/20 22:09,7/13/20 22:15
208035,5855,7/13/20 22:15,7/13/20 22:22
208035,5879,7/13/20 22:23,7/13/20 22:25
208035,5930,7/13/20 22:25,7/13/20 22:26
208035,3553,7/13/20 23:13,7/13/20 23:14
208035,3991,7/13/20 23:47,7/14/20 0:27
208459,5441,7/13/20 18:15,7/13/20 18:25
208474,5441,7/13/20 18:12,7/13/20 18:15
208606,5990,7/13/20 23:46,7/13/20 23:54
209288,5964,7/13/20 21:43,7/13/20 22:11
209288,6044,7/13/20 22:20,7/13/20 22:21
209288,5920,7/13/20 22:22,7/13/20 22:34
210539,9110,7/13/20 16:55,7/13/20 19:46
210539,9104,7/13/20 20:38,7/14/20 0:57
211269,6044,7/13/20 22:17,7/13/20 22:20
211885,4696,7/14/20 1:39,7/14/20 1:52
211885,5550,7/14/20 1:58,7/14/20 2:06
211885,5443,7/14/20 2:10,7/14/20 2:58
211885,6033,7/14/20 3:06,7/14/20 3:10
226933,5867,7/14/20 2:02,7/14/20 2:06
226933,5907,7/14/20 2:06,7/14/20 2:16
226933,3235,7/14/20 2:17,7/14/20 4:12
226933,3837,7/14/20 4:13,7/14/20 4:27
227045,5909,7/14/20 1:11,7/14/20 1:12
227045,6053,7/14/20 1:13,7/14/20 1:20
227045,5693,7/14/20 1:21,7/14/20 1:24
227045,5439,7/14/20 1:24,7/14/20 1:26
227045,9034,7/14/20 1:27,7/14/20 1:27
227581,5854,7/14/20 3:29,7/14/20 3:32
227581,5851,7/14/20 3:52,7/14/20 3:57
227581,4441,7/14/20 4:02,7/14/20 4:04
227785,5594,7/13/20 17:29,7/13/20 17:37
227785,6036,7/13/20 17:40,7/13/20 17:48
230676,5992,7/13/20 16:40,7/13/20 18:15
230676,5902,7/13/20 17:26,7/13/20 17:27
230676,5839,7/13/20 17:28,7/13/20 17:32
230676,6044,7/13/20 17:32,7/13/20 17:37
230676,6004,7/13/20 17:37,7/13/20 17:46
230676,5893,7/13/20 17:46,7/13/20 17:49
230676,5892,7/13/20 17:50,7/13/20 17:57
230676,5891,7/13/20 17:57,7/13/20 18:00
230676,5890,7/13/20 18:01,7/13/20 18:08
230676,5856,7/13/20 18:08,7/13/20 18:12
230676,5979,7/13/20 18:15,7/13/20 18:21
230676,5930,7/13/20 18:21,7/13/20 18:25
230676,5834,7/13/20 18:25,7/13/20 18:28
231265,5991,7/13/20 16:38,7/13/20 17:10
231265,3900,7/13/20 17:12,7/13/20 17:21
231265,5382,7/13/20 17:24,7/13/20 17:25
231265,4661,7/13/20 17:26,7/13/20 17:47
231265,4659,7/13/20 17:48,7/13/20 17:52
231265,6001,7/13/20 18:02,7/13/20 18:04
231265,5856,7/13/20 18:04,7/13/20 18:07
231265,5887,7/13/20 18:12,7/13/20 18:27
232336,6004,7/14/20 0:02,7/14/20 0:48
234789,5605,7/13/20 15:38,7/13/20 16:30
23747,3530,7/13/20 15:27,7/13/20 15:32
23747,5441,7/13/20 15:33,7/13/20 15:45
23747,5385,7/13/20 15:46,7/13/20 16:08
23747,3825,7/13/20 16:08,7/13/20 16:12
23747,3837,7/13/20 16:12,7/13/20 16:17
23747,5962,7/13/20 16:18,7/13/20 16:28
23747,5821,7/13/20 16:28,7/13/20 16:39
23747,5919,7/13/20 16:53,7/13/20 16:56
239191,5931,7/14/20 2:51,7/14/20 2:54
239191,5983,7/14/20 3:46,7/14/20 3:47
239486,5903,7/13/20 22:41,7/13/20 23:11
240310,4694,7/13/20 14:42,7/13/20 16:43
240310,4696,7/13/20 14:53,7/13/20 17:03
240310,5439,7/13/20 17:05,7/13/20 17:13
240310,4695,7/13/20 17:14,7/13/20 17:17
240310,5441,7/13/20 17:17,7/13/20 18:01
241120,5418,7/13/20 18:07,7/13/20 21:48
241120,6010,7/13/20 18:14,7/13/20 18:22
241120,5823,7/13/20 18:42,7/13/20 19:30
241120,6029,7/13/20 19:34,7/13/20 19:51
241120,6030,7/13/20 19:52,7/13/20 19:59
241120,5549,7/13/20 20:24,7/13/20 20:25
241120,5548,7/13/20 20:25,7/13/20 20:27
241120,5909,7/13/20 20:28,7/13/20 21:12
241120,5910,7/13/20 20:39,7/13/20 22:18
241120,6008,7/13/20 21:49,7/13/20 22:01
241120,6005,7/13/20 22:01,7/13/20 22:07
241120,5417,7/13/20 22:21,7/13/20 22:23
241120,6009,7/13/20 22:25,7/13/20 22:34
241122,6010,7/13/20 18:10,7/13/20 18:14
241130,5823,7/13/20 18:39,7/13/20 18:40
241771,5593,7/14/20 1:52,7/14/20 1:56
243455,5967,7/13/20 15:21,7/13/20 15:25
243455,6048,7/13/20 15:25,7/13/20 15:35
243455,3514,7/13/20 15:36,7/13/20 15:39
243455,5639,7/13/20 15:39,7/13/20 15:42
243455,5994,7/13/20 15:44,7/13/20 15:54
243455,4693,7/13/20 15:54,7/13/20 16:01
243758,6041,7/13/20 21:28,7/13/20 21:29
243758,6040,7/13/20 21:33,7/13/20 21:36
243758,5847,7/13/20 22:03,7/13/20 22:21
248442,6044,7/13/20 20:00,7/13/20 21:57
255417,5460,7/13/20 19:25,7/14/20 4:39
255680,5480,7/13/20 20:47,7/13/20 23:30
255680,5182,7/13/20 22:05,7/13/20 22:10
255680,4336,7/13/20 22:21,7/13/20 23:14
255680,5544,7/13/20 23:14,7/13/20 23:16
256956,3530,7/13/20 22:40,7/14/20 3:31
256956,6008,7/14/20 3:38,7/14/20 4:10
260260,5981,7/13/20 18:11,7/13/20 18:14
260260,4957,7/13/20 18:14,7/13/20 18:36
260260,6045,7/13/20 18:36,7/14/20 1:34
260260,5784,7/13/20 18:46,7/14/20 1:47
260260,3898,7/13/20 18:51,7/13/20 18:57
260260,5995,7/13/20 19:00,7/13/20 19:06
260260,5908,7/13/20 19:07,7/14/20 0:11
260260,4695,7/13/20 19:13,7/13/20 19:21
260260,4659,7/13/20 19:29,7/13/20 19:44
260260,5441,7/13/20 19:46,7/13/20 19:52
260260,4274,7/13/20 19:53,7/13/20 20:01
260260,5087,7/13/20 20:02,7/13/20 20:28
260260,3553,7/13/20 20:28,7/13/20 20:44
260260,3920,7/13/20 20:45,7/13/20 20:54
260260,5987,7/13/20 20:58,7/13/20 21:11
260260,5971,7/13/20 21:12,7/13/20 21:17
260260,5962,7/13/20 21:18,7/13/20 21:33
260260,5966,7/13/20 21:34,7/13/20 22:18
260260,5712,7/13/20 22:21,7/13/20 22:37
260260,5879,7/13/20 22:37,7/13/20 22:42
260260,5857,7/13/20 22:42,7/14/20 0:02
260260,5069,7/14/20 0:02,7/14/20 0:07
260260,5240,7/14/20 0:12,7/14/20 0:14
260260,4956,7/14/20 0:15,7/14/20 0:17
260260,5818,7/14/20 0:18,7/14/20 0:29
260260,6013,7/14/20 0:29,7/14/20 0:48
260260,5968,7/14/20 0:53,7/14/20 0:59
260260,3825,7/14/20 0:59,7/14/20 1:05
260260,5910,7/14/20 1:05,7/14/20 1:08
260260,6046,7/14/20 1:08,7/14/20 1:23
260260,5783,7/14/20 1:47,7/14/20 1:51
265957,6029,7/13/20 18:23,7/13/20 18:31
265957,5910,7/13/20 18:34,7/13/20 18:38
268229,5601,7/13/20 20:26,7/14/20 0:26
270546,5907,7/13/20 22:23,7/13/20 22:27
270546,6043,7/13/20 22:27,7/13/20 22:34
270546,5550,7/13/20 22:36,7/13/20 22:38
270546,5590,7/13/20 22:40,7/13/20 22:59
270546,5391,7/13/20 23:01,7/13/20 23:15
270546,5893,7/13/20 23:32,7/13/20 23:37
270546,5892,7/13/20 23:37,7/14/20 0:22
272244,4694,7/13/20 20:31,7/13/20 20:37
272244,4695,7/13/20 20:37,7/13/20 21:09
272244,5605,7/13/20 21:38,7/13/20 22:09
272509,5766,7/13/20 15:32,7/13/20 15:35
272509,4601,7/13/20 15:39,7/13/20 15:59
27475,9111,7/13/20 18:46,7/14/20 3:20
27475,5889,7/13/20 18:55,7/13/20 21:54
27475,5962,7/13/20 18:59,7/13/20 19:00
27475,5964,7/13/20 19:00,7/13/20 19:41
27475,5849,7/13/20 19:44,7/13/20 19:46
27475,5967,7/13/20 19:46,7/13/20 19:48
27475,9109,7/13/20 20:06,7/14/20 2:59
27475,9106,7/13/20 21:04,7/14/20 2:56
27475,9110,7/13/20 21:06,7/13/20 21:07
27475,5894,7/13/20 21:54,7/13/20 21:57
27475,5638,7/13/20 22:15,7/13/20 22:22
27475,9104,7/14/20 2:40,7/14/20 3:40
27475,6038,7/14/20 3:42,7/14/20 3:43
27475,5117,7/14/20 3:43,7/14/20 3:45
275203,6034,7/13/20 21:29,7/13/20 21:49
275203,5904,7/13/20 21:50,7/13/20 22:18
277427,4659,7/13/20 18:15,7/13/20 18:22
277427,5967,7/13/20 18:24,7/13/20 18:30
277427,6020,7/13/20 18:31,7/13/20 18:42
2811,4693,7/14/20 3:12,7/14/20 3:18
2811,4275,7/14/20 3:19,7/14/20 3:21
2811,3991,7/14/20 3:22,7/14/20 3:24
2811,3517,7/14/20 3:24,7/14/20 3:35
2811,5983,7/14/20 3:36,7/14/20 3:39
2811,5991,7/14/20 3:42,7/14/20 4:09
281374,5070,7/14/20 2:37,7/14/20 3:03
281374,5069,7/14/20 3:03,7/14/20 3:08
281374,5416,7/14/20 3:09,7/14/20 3:59
282629,6037,7/13/20 21:47,7/13/20 21:56
282629,4603,7/13/20 22:00,7/13/20 22:15
282630,6032,7/13/20 21:46,7/13/20 22:06
282630,5962,7/13/20 22:14,7/13/20 22:22
282630,5854,7/13/20 22:43,7/13/20 22:44
2839,4193,7/13/20 23:38,7/13/20 23:39
285327,6012,7/13/20 17:20,7/13/20 20:26
285327,6031,7/13/20 18:07,7/13/20 18:07
285327,5548,7/13/20 20:24,7/13/20 20:24
285327,5886,7/13/20 20:28,7/13/20 20:29
285327,6011,7/13/20 20:29,7/13/20 20:49
285327,3825,7/13/20 20:51,7/13/20 21:03
285327,5480,7/14/20 1:59,7/14/20 4:36
286176,6014,7/13/20 18:38,7/13/20 18:40
286176,5642,7/13/20 18:41,7/13/20 18:43
286176,5967,7/13/20 18:45,7/13/20 19:00
290546,5962,7/13/20 14:43,7/13/20 14:45
29080,6024,7/14/20 2:43,7/14/20 2:53
29080,5386,7/14/20 3:26,7/14/20 4:30
29083,5385,7/14/20 3:49,7/14/20 4:02
2924,5873,7/13/20 19:03,7/13/20 19:12
2924,3532,7/13/20 19:15,7/13/20 19:17
2924,3837,7/13/20 19:17,7/13/20 19:21
2924,5970,7/13/20 19:22,7/13/20 19:26
2924,4524,7/13/20 19:27,7/13/20 19:28
2924,5871,7/13/20 19:30,7/13/20 19:35
292415,4275,7/14/20 3:08,7/14/20 3:15
292531,3825,7/13/20 17:18,7/13/20 17:22
292711,3517,7/13/20 20:54,7/13/20 21:01
292711,5981,7/13/20 21:02,7/13/20 21:07
292711,3898,7/13/20 21:08,7/13/20 21:12
292711,6028,7/13/20 21:13,7/13/20 21:16
292711,6031,7/13/20 21:16,7/13/20 21:20
292711,5821,7/13/20 21:22,7/13/20 21:31
297967,6002,7/13/20 17:01,7/13/20 17:12
297967,6048,7/13/20 17:14,7/13/20 17:59
297967,5997,7/13/20 18:02,7/13/20 18:16
297967,5890,7/13/20 18:18,7/13/20 19:00
299001,6016,7/13/20 18:23,7/13/20 18:40
29901,5848,7/13/20 18:47,7/13/20 19:08
29901,5638,7/13/20 19:09,7/13/20 21:43
29901,5381,7/13/20 19:19,7/13/20 19:21
29901,5382,7/13/20 19:21,7/13/20 19:25
29901,5888,7/13/20 19:26,7/13/20 19:27
29901,5849,7/13/20 19:28,7/13/20 19:37
29901,6035,7/13/20 19:37,7/13/20 21:49
29901,5444,7/13/20 19:42,7/13/20 21:45
29901,5641,7/13/20 20:11,7/13/20 21:30
29901,5885,7/13/20 20:29,7/13/20 20:35
29901,5967,7/13/20 20:35,7/13/20 20:39
29901,5640,7/13/20 20:47,7/13/20 20:50
29901,5439,7/13/20 21:05,7/13/20 21:37
29901,5442,7/13/20 21:30,7/13/20 21:32
29901,5443,7/13/20 21:31,7/13/20 21:34
306147,5444,7/13/20 21:24,7/13/20 21:27
306147,5849,7/13/20 21:27,7/13/20 21:29
306147,5393,7/13/20 21:38,7/13/20 21:41
306147,5989,7/13/20 21:46,7/13/20 21:57
306147,6022,7/13/20 21:57,7/13/20 22:01
306147,5837,7/13/20 22:02,7/13/20 22:05
306147,5440,7/13/20 22:06,7/13/20 22:20
306147,5641,7/13/20 22:20,7/13/20 22:31
306147,4603,7/13/20 22:31,7/13/20 22:34
306147,5981,7/13/20 22:35,7/13/20 22:40
306147,3517,7/13/20 22:40,7/13/20 22:43
306147,5817,7/13/20 22:44,7/13/20 22:49
306147,3898,7/13/20 22:53,7/13/20 22:54
3137,5990,7/13/20 19:00,7/13/20 20:05
3137,4336,7/13/20 19:03,7/13/20 19:09
3137,9034,7/13/20 19:10,7/13/20 19:13
3137,9000,7/13/20 19:14,7/13/20 20:14
3137,3920,7/13/20 19:30,7/13/20 19:39
3137,3517,7/13/20 19:39,7/13/20 19:41
3137,5871,7/13/20 20:02,7/13/20 20:03
3137,3185,7/13/20 20:14,7/13/20 20:18
3137,6029,7/13/20 20:18,7/13/20 20:23
3137,4880,7/13/20 20:23,7/13/20 20:28
3137,5776,7/13/20 20:30,7/13/20 20:32
31372,5854,7/14/20 1:26,7/14/20 2:17
316174,6020,7/13/20 21:13,7/13/20 21:15
316174,5856,7/13/20 21:15,7/13/20 21:30
316174,5892,7/13/20 21:30,7/13/20 21:37
316174,5919,7/13/20 21:38,7/13/20 21:58
316174,6026,7/13/20 21:59,7/13/20 22:05
316174,4956,7/13/20 22:07,7/13/20 22:07
316174,6045,7/13/20 22:09,7/13/20 22:12
316174,6028,7/13/20 22:14,7/13/20 22:21
316174,5638,7/13/20 22:22,7/13/20 22:32
316174,5439,7/13/20 22:32,7/13/20 22:34
316175,6019,7/13/20 21:03,7/13/20 21:13
316175,5857,7/13/20 21:14,7/13/20 21:19
316175,5993,7/13/20 21:22,7/13/20 21:31
316175,5971,7/13/20 21:32,7/13/20 21:34
316175,5987,7/13/20 21:35,7/13/20 21:44
316175,6003,7/13/20 21:45,7/13/20 21:49
316175,5776,7/13/20 21:49,7/13/20 21:51
316175,5418,7/13/20 21:53,7/13/20 21:58
316175,6046,7/13/20 22:00,7/13/20 22:04
316175,4956,7/13/20 22:12,7/13/20 22:17
316175,5692,7/13/20 22:19,7/13/20 22:25
316175,5746,7/13/20 22:26,7/13/20 22:30
3179,4336,7/13/20 18:56,7/13/20 18:59
3179,5907,7/13/20 18:59,7/13/20 19:01
3179,5967,7/13/20 19:01,7/13/20 19:07
3179,6039,7/13/20 19:08,7/13/20 19:09
3179,3920,7/13/20 19:11,7/13/20 19:23
3179,5981,7/13/20 19:23,7/13/20 19:26
3179,3991,7/13/20 19:26,7/13/20 19:29
3179,9000,7/13/20 19:30,7/13/20 19:41
3179,5910,7/13/20 19:42,7/13/20 19:53
3179,6046,7/13/20 19:57,7/13/20 20:00
3179,5640,7/13/20 20:00,7/13/20 20:40
318636,5123,7/13/20 23:34,7/13/20 23:36
323982,5902,7/13/20 17:42,7/13/20 18:17
323982,5644,7/13/20 17:52,7/13/20 18:25
323982,5903,7/13/20 18:26,7/13/20 18:42
323982,4659,7/13/20 18:46,7/13/20 18:49
323982,5821,7/13/20 18:52,7/13/20 19:07
323983,5821,7/13/20 17:43,7/13/20 18:27
323983,4661,7/13/20 18:27,7/13/20 19:06
323983,6032,7/13/20 19:07,7/13/20 19:08
32635,5545,7/13/20 15:50,7/13/20 16:00
32940,4695,7/13/20 19:38,7/13/20 19:39
32940,4694,7/13/20 19:40,7/13/20 19:47
32940,4696,7/13/20 19:47,7/13/20 20:15
32940,5478,7/13/20 20:16,7/13/20 20:22
32940,5482,7/13/20 20:23,7/13/20 20:27
32940,5481,7/13/20 20:28,7/13/20 20:38
32940,5480,7/13/20 20:38,7/13/20 20:45
330551,6036,7/13/20 20:12,7/13/20 21:04
330551,5907,7/13/20 20:32,7/13/20 20:48
330551,5817,7/13/20 21:05,7/13/20 21:06
3318,5521,7/13/20 22:25,7/13/20 22:28
3318,6005,7/13/20 22:29,7/13/20 22:40
3318,5967,7/13/20 22:40,7/13/20 22:41
3318,5392,7/13/20 22:41,7/13/20 22:44
3318,5851,7/13/20 22:45,7/13/20 22:48
3318,5444,7/13/20 22:49,7/13/20 23:09
3318,4441,7/13/20 23:12,7/13/20 23:50
3318,5386,7/13/20 23:52,7/14/20 0:07
3318,4274,7/14/20 0:07,7/14/20 0:08
3318,6039,7/14/20 0:08,7/14/20 0:13
3318,5987,7/14/20 0:18,7/14/20 0:22
3318,5893,7/14/20 0:24,7/14/20 0:28
3318,6020,7/14/20 0:29,7/14/20 0:36
3318,5772,7/14/20 0:37,7/14/20 0:37
3318,5887,7/14/20 0:38,7/14/20 0:45
3318,6017,7/14/20 0:45,7/14/20 0:50
3318,5642,7/14/20 0:53,7/14/20 0:55
338482,5605,7/13/20 16:36,7/13/20 18:14
338537,5644,7/13/20 17:38,7/13/20 17:44
338537,9000,7/13/20 17:46,7/13/20 17:47
341919,6043,7/14/20 2:00,7/14/20 2:12
341919,5766,7/14/20 2:13,7/14/20 2:18
341919,4021,7/14/20 2:19,7/14/20 3:21
341919,5958,7/14/20 3:22,7/14/20 3:39
341919,5182,7/14/20 3:40,7/14/20 4:29
341919,3837,7/14/20 4:31,7/14/20 4:41
34318,1736,7/13/20 19:22,7/13/20 21:04
34318,4957,7/13/20 19:30,7/13/20 19:34
34318,3898,7/13/20 19:34,7/13/20 19:37
34318,3900,7/13/20 19:37,7/13/20 19:39
34318,6028,7/13/20 19:40,7/13/20 19:42
34318,3920,7/13/20 19:43,7/13/20 19:49
34318,5749,7/13/20 19:50,7/13/20 19:53
34318,5746,7/13/20 19:53,7/13/20 19:55
34318,6036,7/13/20 19:55,7/13/20 20:09
34318,6014,7/13/20 20:14,7/13/20 20:20
34318,6016,7/13/20 20:20,7/13/20 20:25
34318,5979,7/13/20 20:26,7/13/20 20:31
34318,5824,7/13/20 20:34,7/13/20 20:39
34318,5642,7/13/20 20:39,7/13/20 21:31
34318,5894,7/13/20 20:55,7/13/20 20:57
34318,6001,7/13/20 20:57,7/13/20 20:59
34318,5836,7/13/20 21:06,7/13/20 21:09
34318,5887,7/13/20 21:10,7/13/20 21:17
34318,5873,7/13/20 21:32,7/13/20 21:39
345671,5590,7/13/20 14:14,7/13/20 16:11
351302,3532,7/13/20 17:00,7/13/20 17:14
351302,3825,7/13/20 17:16,7/13/20 17:17
351302,4695,7/13/20 17:31,7/13/20 17:35
354088,5693,7/13/20 19:11,7/13/20 19:15
35533,6035,7/13/20 18:51,7/13/20 19:15
355702,5590,7/13/20 18:02,7/13/20 18:05
356429,3829,7/13/20 23:36,7/13/20 23:45
356429,6040,7/13/20 23:46,7/13/20 23:52
356429,5987,7/14/20 0:00,7/14/20 0:05
356429,5971,7/14/20 0:06,7/14/20 0:17
356429,5835,7/14/20 0:17,7/14/20 0:26
356429,6026,7/14/20 0:27,7/14/20 0:34
356429,5285,7/14/20 0:41,7/14/20 0:47
356429,5863,7/14/20 0:48,7/14/20 0:51
356429,6046,7/14/20 0:51,7/14/20 1:04
356429,5906,7/14/20 1:04,7/14/20 1:08
356650,5766,7/14/20 1:28,7/14/20 1:37
357867,4693,7/13/20 18:05,7/13/20 18:22
35897,5417,7/13/20 16:46,7/13/20 18:45
35897,5416,7/13/20 16:51,7/13/20 16:55
35897,6006,7/13/20 16:55,7/13/20 16:57
35897,5441,7/13/20 16:58,7/13/20 17:05
35897,5442,7/13/20 17:06,7/13/20 17:11
35897,5641,7/13/20 17:11,7/13/20 17:17
35897,6029,7/13/20 17:17,7/13/20 17:38
35897,6012,7/13/20 18:20,7/13/20 18:22
35953,4880,7/14/20 2:37,7/14/20 2:38
35953,6001,7/14/20 2:55,7/14/20 2:57
35953,5925,7/14/20 2:57,7/14/20 3:04
35953,4275,7/14/20 3:54,7/14/20 3:55
35953,5970,7/14/20 3:56,7/14/20 3:57
35953,3514,7/14/20 4:00,7/14/20 4:04
35953,4694,7/14/20 4:33,7/14/20 4:41
359655,5854,7/13/20 19:48,7/13/20 19:59
36227,5183,7/13/20 19:14,7/13/20 19:26
36227,4693,7/13/20 19:33,7/13/20 19:53
36227,4695,7/13/20 19:35,7/13/20 19:50
36227,5182,7/13/20 19:36,7/13/20 19:37
36227,5776,7/13/20 19:53,7/13/20 19:56
36596,6002,7/14/20 2:36,7/14/20 4:20
36596,5544,7/14/20 2:57,7/14/20 3:04
36596,5481,7/14/20 3:04,7/14/20 4:02
36596,5393,7/14/20 4:02,7/14/20 4:12
36596,5969,7/14/20 4:15,7/14/20 4:16
36596,6003,7/14/20 4:20,7/14/20 4:22
36596,6004,7/14/20 4:22,7/14/20 4:33
366292,6039,7/13/20 23:37,7/13/20 23:45
366292,3829,7/13/20 23:45,7/13/20 23:58
366292,3825,7/13/20 23:58,7/14/20 0:06
366292,3534,7/14/20 0:06,7/14/20 2:05
366292,3532,7/14/20 0:24,7/14/20 1:49
366292,3837,7/14/20 1:04,7/14/20 1:37
368177,4694,7/14/20 0:50,7/14/20 1:13
368256,6022,7/13/20 23:48,7/13/20 23:51
368435,5603,7/14/20 2:40,7/14/20 2:52
369825,5848,7/13/20 16:28,7/13/20 16:30
370814,5417,7/13/20 14:07,7/14/20 3:56
370814,4336,7/13/20 14:21,7/13/20 15:24
370814,5418,7/13/20 15:26,7/13/20 15:39
370814,6030,7/13/20 22:32,7/14/20 0:31
37084,5890,7/14/20 0:03,7/14/20 0:20
370967,5848,7/13/20 16:43,7/13/20 16:51
372247,5594,7/14/20 2:07,7/14/20 2:20
372247,6058,7/14/20 2:20,7/14/20 2:41
37377,6032,7/13/20 15:16,7/13/20 15:24
37377,6005,7/13/20 15:30,7/13/20 15:35
37377,5968,7/13/20 15:36,7/13/20 15:41
374129,5593,7/14/20 1:56,7/14/20 1:58
374319,5418,7/13/20 16:45,7/13/20 17:07
374319,5638,7/13/20 22:44,7/13/20 22:52
374319,5892,7/13/20 23:10,7/13/20 23:15
374319,5894,7/13/20 23:16,7/13/20 23:39
376789,3900,7/13/20 21:10,7/13/20 21:13
376789,5240,7/13/20 21:14,7/13/20 21:29
380460,6008,7/14/20 1:48,7/14/20 2:02
380460,5967,7/14/20 2:23,7/14/20 2:38
380644,5991,7/14/20 1:56,7/14/20 2:04
381998,5711,7/14/20 1:19,7/14/20 1:37
381998,5712,7/14/20 1:23,7/14/20 2:05
381998,4441,7/14/20 2:08,7/14/20 2:27
381998,4442,7/14/20 2:13,7/14/20 3:30
381998,5386,7/14/20 2:31,7/14/20 2:44
381998,5986,7/14/20 2:52,7/14/20 3:00
381998,5984,7/14/20 3:04,7/14/20 3:16
381998,4880,7/14/20 3:17,7/14/20 3:26
381998,6007,7/14/20 3:30,7/14/20 3:32
381998,6006,7/14/20 3:33,7/14/20 3:38
381998,6010,7/14/20 3:39,7/14/20 4:31
381999,6032,7/14/20 1:19,7/14/20 1:41
381999,5442,7/14/20 1:45,7/14/20 1:48
381999,5852,7/14/20 1:48,7/14/20 1:56
381999,5638,7/14/20 1:57,7/14/20 2:11
381999,5817,7/14/20 2:13,7/14/20 2:18
381999,3898,7/14/20 2:18,7/14/20 2:19
381999,5550,7/14/20 2:24,7/14/20 3:36
381999,3185,7/14/20 3:18,7/14/20 3:20
381999,9000,7/14/20 3:20,7/14/20 3:27
381999,5836,7/14/20 3:38,7/14/20 3:39
381999,5837,7/14/20 3:39,7/14/20 3:46
381999,5889,7/14/20 3:51,7/14/20 3:56
381999,6021,7/14/20 3:56,7/14/20 3:58
381999,5878,7/14/20 3:59,7/14/20 4:02
381999,5930,7/14/20 4:02,7/14/20 4:06
381999,5711,7/14/20 4:08,7/14/20 4:13
381999,5712,7/14/20 4:14,7/14/20 4:18
382355,5069,7/14/20 2:00,7/14/20 2:04
382355,5545,7/14/20 2:04,7/14/20 3:29
382779,6022,7/13/20 18:01,7/13/20 18:20
382779,4442,7/13/20 18:21,7/13/20 19:02
382779,5851,7/13/20 19:06,7/13/20 19:37
382779,4274,7/13/20 19:38,7/13/20 19:41
382779,3825,7/13/20 19:41,7/13/20 19:41
383358,3825,7/14/20 0:23,7/14/20 0:24
385344,6029,7/13/20 19:28,7/13/20 19:30
385344,3991,7/13/20 19:30,7/13/20 19:40
386047,5888,7/13/20 19:34,7/13/20 19:51
386047,5979,7/13/20 19:35,7/13/20 19:40
386047,6016,7/13/20 19:42,7/13/20 19:44
386047,5548,7/13/20 19:52,7/13/20 19:56
386047,5851,7/13/20 19:59,7/13/20 20:01
386047,5480,7/13/20 20:02,7/13/20 20:02
386047,3530,7/13/20 20:03,7/13/20 20:16
386047,3532,7/13/20 20:10,7/13/20 20:12
386047,6008,7/13/20 20:17,7/13/20 20:23
386048,5903,7/13/20 19:32,7/13/20 19:55
386048,5902,7/13/20 19:40,7/13/20 19:44
386048,6014,7/13/20 19:49,7/13/20 19:52
386048,6035,7/13/20 19:56,7/13/20 20:08
386048,5847,7/13/20 20:09,7/13/20 20:11
386048,5548,7/13/20 20:15,7/13/20 20:18
386048,6045,7/13/20 20:19,7/13/20 20:26
387326,6032,7/13/20 19:58,7/13/20 20:00
387326,5902,7/13/20 20:00,7/13/20 20:01
387326,5642,7/13/20 20:01,7/13/20 20:02
387326,4336,7/13/20 20:03,7/13/20 20:04
387326,5641,7/13/20 20:05,7/13/20 20:07
387326,5848,7/13/20 20:07,7/13/20 20:15
387326,5821,7/13/20 20:18,7/13/20 20:25
387326,4900,7/13/20 20:27,7/13/20 20:30
387326,5904,7/13/20 20:30,7/13/20 20:36
387396,6016,7/13/20 19:22,7/13/20 19:24
387772,5638,7/13/20 21:30,7/13/20 21:32
387772,5442,7/13/20 21:33,7/13/20 21:35
387772,5393,7/13/20 21:35,7/13/20 21:37
387783,9111,7/13/20 15:29,7/13/20 18:22
387783,9104,7/13/20 17:02,7/13/20 20:19
387783,9106,7/13/20 20:21,7/13/20 20:34
391392,5871,7/14/20 2:25,7/14/20 3:27
391392,6044,7/14/20 2:52,7/14/20 3:24
391392,5117,7/14/20 3:03,7/14/20 3:17
393414,6030,7/13/20 17:34,7/13/20 17:38
394781,3280,7/13/20 20:23,7/13/20 20:28
394781,2815,7/13/20 20:28,7/13/20 20:29
394781,5639,7/13/20 20:31,7/13/20 20:35
394781,6031,7/13/20 20:36,7/13/20 20:40
394802,5417,7/13/20 16:50,7/13/20 18:26
394802,6029,7/13/20 18:50,7/13/20 19:01
395201,5442,7/13/20 18:21,7/13/20 18:34
395201,5441,7/13/20 18:29,7/13/20 21:03
395201,5443,7/13/20 18:31,7/13/20 19:46
395201,5440,7/13/20 18:37,7/14/20 2:12
395201,5848,7/13/20 19:46,7/13/20 19:47
395201,5849,7/13/20 19:50,7/14/20 2:15
395201,5640,7/13/20 21:06,7/14/20 0:59
395201,5639,7/13/20 21:18,7/14/20 0:53
395201,6035,7/13/20 23:01,7/13/20 23:05
395201,5847,7/13/20 23:05,7/13/20 23:06
395201,5854,7/13/20 23:06,7/13/20 23:11
395201,5851,7/13/20 23:11,7/14/20 0:21
395201,5638,7/13/20 23:57,7/14/20 2:51
395201,5439,7/14/20 0:03,7/14/20 0:12
395201,5444,7/14/20 0:05,7/14/20 2:18
395201,5615,7/14/20 1:07,7/14/20 1:08
395201,5616,7/14/20 1:08,7/14/20 1:26
395201,5617,7/14/20 1:11,7/14/20 1:17
395201,5823,7/14/20 1:26,7/14/20 1:47
395201,5285,7/14/20 1:32,7/14/20 1:56
395201,5641,7/14/20 2:12,7/14/20 2:14
395201,5908,7/14/20 2:18,7/14/20 2:19
395201,5885,7/14/20 2:20,7/14/20 2:43
395201,6034,7/14/20 2:51,7/14/20 3:19
395201,5852,7/14/20 3:06,7/14/20 3:13
39626,5285,7/13/20 20:24,7/13/20 20:28
39626,6030,7/13/20 20:31,7/13/20 20:39
39626,6031,7/13/20 20:40,7/13/20 20:40
397822,5852,7/13/20 18:55,7/14/20 3:29
397822,5442,7/13/20 19:31,7/13/20 19:57
397822,5441,7/13/20 20:10,7/13/20 20:34
397822,5639,7/13/20 21:06,7/14/20 1:59
397822,5640,7/14/20 0:55,7/14/20 0:56
398294,5070,7/13/20 19:05,7/13/20 19:07
398294,5069,7/13/20 19:08,7/13/20 19:09
398294,5641,7/13/20 19:16,7/13/20 19:31
398294,6036,7/13/20 19:32,7/13/20 19:34
398294,5904,7/13/20 20:19,7/13/20 20:29
398294,5903,7/14/20 3:55,7/14/20 3:59
398294,5824,7/14/20 3:59,7/14/20 4:08
399828,5907,7/13/20 23:57,7/14/20 0:06
399828,5480,7/14/20 0:07,7/14/20 0:14
399828,4275,7/14/20 0:47,7/14/20 0:51
399828,4441,7/14/20 0:52,7/14/20 0:56
399828,6011,7/14/20 0:57,7/14/20 1:07
400460,6002,7/13/20 18:29,7/13/20 18:37
403636,6029,7/13/20 22:17,7/13/20 22:22
403636,6031,7/13/20 22:31,7/13/20 22:35
403636,6003,7/14/20 0:35,7/14/20 0:38
403636,6028,7/14/20 0:39,7/14/20 0:45
403636,6030,7/14/20 0:45,7/14/20 1:03
403636,5638,7/14/20 1:03,7/14/20 1:10
403636,3991,7/14/20 1:11,7/14/20 1:27
403636,3514,7/14/20 3:41,7/14/20 3:45
403791,6004,7/13/20 22:54,7/13/20 22:59
403791,5418,7/13/20 23:00,7/13/20 23:11
403791,5548,7/13/20 23:11,7/13/20 23:16
403791,5910,7/13/20 23:19,7/13/20 23:21
403791,9000,7/13/20 23:22,7/13/20 23:22
403791,3185,7/13/20 23:23,7/13/20 23:29
403791,6038,7/13/20 23:30,7/13/20 23:32
403791,5885,7/13/20 23:32,7/13/20 23:34
406179,3829,7/13/20 14:10,7/13/20 14:34
408172,5601,7/13/20 18:50,7/13/20 19:01
408172,5605,7/13/20 19:01,7/13/20 20:13
408172,5594,7/13/20 20:21,7/13/20 22:00
408490,5910,7/13/20 22:32,7/13/20 22:36
408490,6045,7/13/20 22:37,7/13/20 22:57
408490,5902,7/13/20 22:58,7/13/20 23:08
408490,6026,7/13/20 23:11,7/13/20 23:15
408490,4336,7/13/20 23:33,7/13/20 23:38
408490,5241,7/13/20 23:38,7/13/20 23:50
408902,3227,7/14/20 1:04,7/14/20 2:04
408902,3226,7/14/20 1:05,7/14/20 1:44
409304,5590,7/13/20 23:44,7/14/20 2:34
409304,5983,7/14/20 0:14,7/14/20 0:44
411992,4695,7/14/20 0:31,7/14/20 1:02
411992,4693,7/14/20 1:02,7/14/20 2:36
411992,6004,7/14/20 2:36,7/14/20 2:41
411992,4696,7/14/20 2:42,7/14/20 2:47
411992,6028,7/14/20 2:49,7/14/20 2:53
411992,5117,7/14/20 2:55,7/14/20 3:00
411992,5638,7/14/20 3:04,7/14/20 3:15
412138,6033,7/13/20 16:38,7/13/20 16:43
412155,5481,7/13/20 16:06,7/13/20 16:13
412155,5480,7/13/20 16:13,7/13/20 16:26
412155,5482,7/13/20 16:28,7/13/20 16:42
412338,5852,7/13/20 16:47,7/13/20 16:49
416164,3532,7/13/20 22:49,7/14/20 0:20
416164,5117,7/13/20 23:07,7/13/20 23:36
416164,5440,7/14/20 0:22,7/14/20 0:34
417544,6016,7/13/20 14:25,7/13/20 14:36
417544,5887,7/13/20 14:37,7/13/20 14:41
417544,5987,7/13/20 14:42,7/13/20 14:44
420897,5593,7/13/20 21:26,7/13/20 21:29
421544,6001,7/13/20 16:27,7/13/20 16:43
421544,6012,7/13/20 16:44,7/13/20 16:51
421544,6010,7/13/20 16:51,7/13/20 17:14
422564,5385,7/13/20 18:50,7/13/20 22:56
422564,5386,7/13/20 20:45,7/13/20 23:01
422564,4441,7/13/20 20:56,7/13/20 23:04
422564,4442,7/13/20 21:02,7/13/20 22:17
422564,5615,7/13/20 21:05,7/13/20 21:15
422564,4696,7/13/20 21:16,7/13/20 21:18
422564,5888,7/13/20 21:19,7/13/20 21:20
423019,5478,7/13/20 18:20,7/13/20 19:19
427300,5987,7/13/20 14:19,7/13/20 14:24
427300,5871,7/13/20 14:25,7/13/20 14:29
427300,5821,7/13/20 14:29,7/13/20 14:31
427300,5930,7/13/20 14:32,7/13/20 14:33
427300,5615,7/13/20 14:34,7/13/20 14:36
427300,5544,7/13/20 14:36,7/13/20 14:37
431767,5618,7/13/20 16:52,7/13/20 17:17
431767,5617,7/13/20 17:18,7/13/20 17:59
431767,5615,7/13/20 17:29,7/13/20 17:32
431767,5616,7/13/20 17:40,7/13/20 17:41
434182,5617,7/13/20 15:03,7/13/20 16:52
434182,4900,7/13/20 16:32,7/13/20 16:37
43579,6006,7/13/20 18:26,7/13/20 18:27
437121,9000,7/13/20 17:10,7/13/20 17:18
437209,4683,7/13/20 21:31,7/13/20 21:57
437209,4659,7/13/20 21:59,7/13/20 23:39
438463,6018,7/13/20 20:11,7/13/20 20:23
438463,5711,7/13/20 20:27,7/13/20 20:46
438463,5930,7/13/20 20:46,7/13/20 20:52
438463,6043,7/13/20 20:53,7/13/20 20:58
438463,5326,7/13/20 20:59,7/13/20 21:05
438463,5906,7/13/20 21:06,7/13/20 21:19
438463,5329,7/13/20 21:25,7/13/20 22:07
440561,5847,7/14/20 0:31,7/14/20 0:44
440561,5482,7/14/20 0:54,7/14/20 3:44
440561,5903,7/14/20 4:15,7/14/20 4:30
441016,5919,7/13/20 14:08,7/13/20 14:17
443195,5183,7/13/20 20:36,7/13/20 21:38
443195,5182,7/13/20 21:18,7/13/20 21:33
443195,3530,7/13/20 21:39,7/13/20 22:13
443195,3534,7/13/20 22:13,7/13/20 22:25
443195,5692,7/13/20 22:26,7/13/20 22:40
446166,5439,7/14/20 0:39,7/14/20 1:17
446166,5442,7/14/20 1:18,7/14/20 1:23
446166,5443,7/14/20 1:23,7/14/20 1:58
446166,5087,7/14/20 1:59,7/14/20 2:02
446166,6035,7/14/20 2:02,7/14/20 2:03
446166,5849,7/14/20 2:04,7/14/20 2:07
446166,5386,7/14/20 2:07,7/14/20 2:13
446166,5385,7/14/20 2:13,7/14/20 2:17
446166,5481,7/14/20 2:24,7/14/20 2:28
446166,4693,7/14/20 2:58,7/14/20 3:03
446765,5386,7/14/20 1:04,7/14/20 2:07
446765,5385,7/14/20 1:26,7/14/20 1:32
447256,6019,7/13/20 22:53,7/13/20 22:55
447256,6022,7/13/20 22:55,7/13/20 22:58
447256,6014,7/13/20 22:58,7/13/20 23:00
447256,5971,7/13/20 23:01,7/13/20 23:06
447256,5847,7/13/20 23:08,7/13/20 23:09
447256,6060,7/13/20 23:10,7/13/20 23:17
447256,6056,7/13/20 23:17,7/13/20 23:19
447256,5177,7/13/20 23:19,7/13/20 23:21
447256,5180,7/13/20 23:21,7/13/20 23:24
447256,5693,7/13/20 23:24,7/13/20 23:26
447256,5444,7/13/20 23:26,7/13/20 23:37
447256,5854,7/13/20 23:37,7/13/20 23:39
447806,5979,7/13/20 19:19,7/13/20 19:21
447806,5644,7/13/20 19:21,7/13/20 19:22
447806,5548,7/13/20 19:23,7/13/20 19:35
447806,5854,7/13/20 19:35,7/13/20 19:41
447806,6031,7/13/20 19:41,7/13/20 19:44
447806,5784,7/13/20 19:44,7/13/20 19:45
447806,5783,7/13/20 19:45,7/13/20 19:47
447806,6045,7/13/20 19:47,7/13/20 19:48
447806,4956,7/13/20 19:48,7/13/20 19:54
447806,6028,7/13/20 19:54,7/13/20 19:56
447806,5851,7/13/20 19:57,7/13/20 19:59
448391,5416,7/13/20 21:58,7/13/20 22:08
448391,5417,7/13/20 22:08,7/13/20 22:16
449655,5776,7/14/20 2:30,7/14/20 2:54
449655,3991,7/14/20 2:55,7/14/20 3:06
449655,5983,7/14/20 3:07,7/14/20 3:13
449655,5981,7/14/20 3:15,7/14/20 3:19
449655,5444,7/14/20 3:21,7/14/20 3:29
450313,5847,7/14/20 3:11,7/14/20 4:00
450313,5849,7/14/20 4:01,7/14/20 4:13
450313,5417,7/14/20 4:14,7/14/20 4:22
453011,5890,7/14/20 1:09,7/14/20 1:12
4536,5851,7/13/20 19:43,7/13/20 19:49
4536,5641,7/13/20 19:49,7/13/20 19:52
4536,6037,7/13/20 19:52,7/13/20 20:00
4536,6046,7/13/20 20:01,7/13/20 20:16
4536,5969,7/13/20 20:16,7/13/20 20:22
4536,6006,7/13/20 20:23,7/13/20 20:25
45430,6032,7/13/20 16:12,7/13/20 16:13
454712,5641,7/13/20 15:17,7/13/20 16:45
454712,5590,7/13/20 16:46,7/13/20 17:02
454712,5593,7/13/20 17:02,7/13/20 21:09
455310,5615,7/13/20 16:37,7/13/20 16:42
455310,5481,7/13/20 16:42,7/13/20 16:48
455310,5393,7/13/20 16:48,7/13/20 17:03
455310,6004,7/13/20 17:06,7/13/20 17:09
455472,6043,7/14/20 0:38,7/14/20 0:43
455472,5953,7/14/20 0:45,7/14/20 0:46
455472,6042,7/14/20 0:47,7/14/20 1:06
455883,6009,7/14/20 2:13,7/14/20 2:39
45755,5821,7/13/20 21:53,7/13/20 22:35
45755,5902,7/13/20 22:36,7/13/20 22:45
45755,5642,7/13/20 22:45,7/13/20 23:15
45755,5903,7/13/20 23:16,7/13/20 23:38
45757,5642,7/13/20 21:53,7/13/20 23:39
45757,5992,7/13/20 22:09,7/13/20 22:37
45757,5711,7/13/20 22:37,7/13/20 22:48
45757,5824,7/13/20 22:49,7/13/20 22:52
45757,5644,7/13/20 22:52,7/13/20 23:03
45757,6016,7/13/20 23:04,7/13/20 23:05
45757,5979,7/13/20 23:07,7/13/20 23:07
45757,4696,7/13/20 23:10,7/13/20 23:12
45757,6044,7/13/20 23:13,7/13/20 23:17
45757,6004,7/13/20 23:17,7/13/20 23:20
45757,5925,7/13/20 23:21,7/13/20 23:24
45757,6014,7/13/20 23:39,7/13/20 23:42
458159,5904,7/13/20 15:41,7/13/20 15:46
458159,5639,7/13/20 15:47,7/13/20 15:55
458159,5821,7/13/20 15:55,7/13/20 16:25
458159,5264,7/13/20 16:26,7/13/20 16:32
458159,5440,7/13/20 16:33,7/13/20 16:51
458159,6043,7/13/20 16:51,7/13/20 16:53
458159,5902,7/13/20 16:53,7/13/20 16:57
458159,5894,7/13/20 16:58,7/13/20 17:03
459791,3829,7/14/20 0:39,7/14/20 1:23
459791,3534,7/14/20 1:24,7/14/20 1:25
459791,3825,7/14/20 1:28,7/14/20 2:29
460682,6011,7/13/20 14:38,7/13/20 14:38
460682,6010,7/13/20 14:42,7/13/20 14:48
460682,5836,7/13/20 18:18,7/13/20 18:24
460682,6004,7/13/20 18:24,7/13/20 18:49
461107,5639,7/14/20 2:38,7/14/20 3:05
461107,5909,7/14/20 3:05,7/14/20 3:07
461107,4659,7/14/20 3:27,7/14/20 3:31
461107,6013,7/14/20 3:32,7/14/20 3:39
461107,6003,7/14/20 3:45,7/14/20 3:51
461107,4601,7/14/20 3:56,7/14/20 5:02
461107,4605,7/14/20 4:13,7/14/20 4:19
461968,5550,7/13/20 19:02,7/13/20 22:36
462436,5418,7/14/20 2:33,7/14/20 3:17
462436,5909,7/14/20 2:43,7/14/20 2:58
462436,6031,7/14/20 2:59,7/14/20 4:20
462436,5550,7/14/20 3:05,7/14/20 4:39
462436,6003,7/14/20 3:22,7/14/20 3:31
462436,5549,7/14/20 3:32,7/14/20 3:39
462436,5639,7/14/20 3:42,7/14/20 3:45
462436,6030,7/14/20 3:55,7/14/20 4:00
462436,4601,7/14/20 4:05,7/14/20 4:12
462436,6009,7/14/20 4:22,7/14/20 4:30
462436,6026,7/14/20 4:36,7/14/20 4:37
462436,5417,7/14/20 4:39,7/14/20 4:40
462436,4659,7/14/20 4:45,7/14/20 4:47
4691,5906,7/13/20 22:08,7/13/20 22:11
4691,6007,7/13/20 22:11,7/13/20 22:23
4691,5416,7/13/20 22:24,7/13/20 22:35
4691,5907,7/13/20 22:36,7/13/20 22:44
4691,6028,7/13/20 22:45,7/13/20 22:58
4691,6031,7/13/20 22:59,7/13/20 23:08
4691,5641,7/13/20 23:09,7/13/20 23:10
4691,5852,7/13/20 23:10,7/13/20 23:39
4691,5908,7/13/20 23:43,7/13/20 23:47
4691,6014,7/13/20 23:50,7/13/20 23:51
4691,6016,7/13/20 23:51,7/14/20 1:01
4691,5903,7/13/20 23:54,7/13/20 23:55
4691,5644,7/13/20 23:55,7/13/20 23:57
4691,5838,7/14/20 0:00,7/14/20 0:11
4691,5837,7/14/20 0:11,7/14/20 0:12
4691,5836,7/14/20 0:12,7/14/20 0:12
4691,5834,7/14/20 0:13,7/14/20 0:13
4691,5839,7/14/20 0:13,7/14/20 0:14
4691,5919,7/14/20 0:14,7/14/20 0:16
4691,5920,7/14/20 0:17,7/14/20 0:25
4691,5987,7/14/20 0:26,7/14/20 0:27
4691,6032,7/14/20 0:28,7/14/20 0:30
4691,5902,7/14/20 0:30,7/14/20 0:34
4691,5642,7/14/20 0:34,7/14/20 0:39
4691,5893,7/14/20 0:44,7/14/20 0:46
4691,5857,7/14/20 0:48,7/14/20 1:22
4691,5824,7/14/20 1:03,7/14/20 1:09
4691,5856,7/14/20 1:10,7/14/20 1:11
4691,5855,7/14/20 1:23,7/14/20 1:27
469709,4900,7/14/20 4:20,7/14/20 4:25
469709,5439,7/14/20 4:35,7/14/20 4:36
471606,5847,7/13/20 23:15,7/13/20 23:25
487119,5904,7/14/20 3:32,7/14/20 3:38
487121,4900,7/14/20 2:57,7/14/20 4:19
487121,5915,7/14/20 3:59,7/14/20 4:02
487121,5913,7/14/20 4:04,7/14/20 4:04
490211,9000,7/13/20 18:59,7/13/20 19:08
490211,3185,7/13/20 19:09,7/13/20 19:16
490211,5638,7/13/20 19:16,7/13/20 19:28
490211,3235,7/13/20 19:28,7/13/20 19:29
497779,5890,7/14/20 2:35,7/14/20 4:03
497779,5889,7/14/20 3:33,7/14/20 3:34
497779,5891,7/14/20 3:53,7/14/20 3:56
49818,5836,7/13/20 21:32,7/13/20 21:45
49818,6007,7/13/20 21:47,7/13/20 21:47
49818,6006,7/13/20 21:48,7/13/20 21:48
49818,6005,7/13/20 21:49,7/13/20 21:51
49818,5968,7/13/20 21:52,7/13/20 21:56
499363,3530,7/13/20 17:53,7/13/20 21:21
499363,3534,7/13/20 18:42,7/13/20 20:48
499977,5847,7/13/20 20:02,7/13/20 20:03
499977,5589,7/13/20 20:11,7/13/20 20:18
499977,5996,7/13/20 20:29,7/13/20 20:38
500070,5854,7/13/20 20:57,7/13/20 21:15
500070,5644,7/13/20 21:16,7/13/20 21:58
500070,5848,7/13/20 22:11,7/14/20 3:10
500778,5445,7/13/20 22:10,7/13/20 22:11
500778,5521,7/13/20 22:12,7/13/20 22:14
504074,4683,7/13/20 19:14,7/13/20 19:15
504074,5892,7/13/20 19:16,7/13/20 19:24
504074,5855,7/13/20 19:25,7/13/20 19:26
504074,6048,7/13/20 19:26,7/13/20 19:31
504074,5987,7/13/20 19:35,7/13/20 19:39
504074,6044,7/13/20 19:39,7/13/20 19:39
504074,5971,7/13/20 19:44,7/13/20 20:04
504074,5989,7/13/20 20:05,7/13/20 20:21
504168,4880,7/13/20 19:18,7/13/20 19:58
504176,6016,7/13/20 19:09,7/13/20 19:21
504785,4191,7/13/20 23:03,7/13/20 23:04
504785,2815,7/13/20 23:04,7/13/20 23:04
504785,5295,7/13/20 23:04,7/13/20 23:06
504785,5840,7/13/20 23:07,7/13/20 23:08
505515,4442,7/13/20 14:38,7/13/20 14:41
505515,5183,7/13/20 14:43,7/13/20 14:54
505515,5182,7/13/20 14:54,7/13/20 14:58
505515,5998,7/13/20 15:01,7/13/20 15:17
506018,5851,7/14/20 0:29,7/14/20 0:53
5066,5123,7/13/20 18:21,7/13/20 18:25
50806,6009,7/13/20 23:06,7/13/20 23:08
50806,5550,7/13/20 23:08,7/14/20 1:08
50806,5847,7/13/20 23:37,7/13/20 23:44
50806,5854,7/13/20 23:55,7/14/20 1:20
50806,5418,7/14/20 0:11,7/14/20 1:24
50806,5442,7/14/20 1:11,7/14/20 1:15
50806,6030,7/14/20 1:26,7/14/20 1:29
50806,5910,7/14/20 1:30,7/14/20 1:37
508490,4660,7/13/20 21:02,7/13/20 21:42
511426,5962,7/13/20 22:29,7/13/20 22:46
511426,5964,7/13/20 22:47,7/13/20 22:57
511426,5992,7/13/20 22:59,7/13/20 23:23
511426,5979,7/13/20 23:23,7/13/20 23:27
511426,5930,7/13/20 23:28,7/13/20 23:34
511426,5617,7/13/20 23:35,7/13/20 23:38
511426,5616,7/13/20 23:38,7/14/20 3:29
511426,4900,7/13/20 23:41,7/14/20 2:35
511426,5615,7/13/20 23:51,7/14/20 0:49
511426,6037,7/13/20 23:53,7/13/20 23:58
511426,5817,7/13/20 23:59,7/14/20 0:16
511426,5177,7/14/20 0:18,7/14/20 0:24
511426,4241,7/14/20 0:24,7/14/20 0:31
511426,6030,7/14/20 0:33,7/14/20 0:37
511426,3185,7/14/20 0:40,7/14/20 0:44
511426,6033,7/14/20 0:59,7/14/20 1:12
511426,5618,7/14/20 1:13,7/14/20 2:10
511426,5996,7/14/20 2:36,7/14/20 2:48
511426,5995,7/14/20 2:49,7/14/20 2:51
511426,5855,7/14/20 2:51,7/14/20 2:54
511426,5856,7/14/20 2:54,7/14/20 2:57
511426,5069,7/14/20 2:59,7/14/20 3:02
511426,6024,7/14/20 3:04,7/14/20 3:15
511426,5783,7/14/20 3:16,7/14/20 3:24
512077,5549,7/13/20 23:19,7/14/20 1:03
512077,4441,7/14/20 1:03,7/14/20 1:27
512077,3235,7/14/20 1:28,7/14/20 1:39
512713,6034,7/13/20 21:27,7/13/20 21:29
513575,5878,7/14/20 3:31,7/14/20 3:50
513575,6019,7/14/20 3:50,7/14/20 3:55
513985,6011,7/13/20 14:16,7/13/20 14:18
513985,6004,7/13/20 14:20,7/13/20 14:36
514506,5601,7/14/20 0:43,7/14/20 0:46
516738,6010,7/13/20 14:51,7/13/20 16:00
516738,6009,7/13/20 14:57,7/13/20 15:28
516738,6008,7/13/20 15:28,7/13/20 15:54
516738,5545,7/13/20 16:01,7/13/20 16:06
516738,5925,7/13/20 16:07,7/13/20 16:12
516738,5906,7/13/20 16:12,7/13/20 16:17
516738,5919,7/13/20 16:18,7/13/20 16:26
516819,4696,7/13/20 22:09,7/13/20 22:35
516819,6003,7/13/20 22:36,7/13/20 23:59
516819,5888,7/13/20 22:53,7/14/20 0:17
516819,4694,7/13/20 23:04,7/14/20 0:33
517176,5588,7/13/20 18:11,7/13/20 18:13
517176,5587,7/13/20 18:14,7/13/20 18:20
517176,6043,7/13/20 18:27,7/13/20 18:30
517176,6040,7/13/20 18:32,7/13/20 18:42
517176,9109,7/13/20 18:44,7/13/20 18:53
517176,5326,7/13/20 19:27,7/13/20 19:36
517177,5326,7/13/20 18:09,7/13/20 18:54
517177,9109,7/13/20 19:27,7/13/20 19:41
51740,5855,7/13/20 18:23,7/13/20 18:28
51740,6013,7/13/20 18:25,7/13/20 18:30
51740,6012,7/13/20 18:30,7/13/20 18:37
517411,3900,7/13/20 21:55,7/13/20 22:39
522837,5849,7/13/20 16:14,7/13/20 16:27
52356,3920,7/13/20 14:08,7/13/20 14:27
52356,4683,7/13/20 14:32,7/13/20 15:03
52356,4659,7/13/20 14:35,7/13/20 14:39
52356,5381,7/13/20 14:40,7/13/20 14:41
52356,4661,7/13/20 15:04,7/13/20 15:05
52356,5380,7/13/20 15:05,7/13/20 15:06
529609,3837,7/13/20 15:21,7/13/20 15:26
529609,5836,7/13/20 16:40,7/13/20 16:51
5297,6046,7/14/20 0:27,7/14/20 0:30
5297,5183,7/14/20 0:31,7/14/20 0:37
530122,5857,7/13/20 16:44,7/13/20 16:47
530122,5890,7/13/20 16:48,7/13/20 16:49
530122,5906,7/13/20 16:49,7/13/20 17:01
531712,4021,7/13/20 21:05,7/13/20 23:44
531712,4524,7/13/20 21:09,7/13/20 21:10
531712,5953,7/13/20 21:10,7/13/20 21:16
531712,5776,7/13/20 21:16,7/13/20 21:18
531712,6016,7/13/20 21:19,7/13/20 21:47
531712,5979,7/13/20 21:28,7/13/20 21:32
531712,5380,7/13/20 21:42,7/13/20 21:44
531712,6022,7/13/20 21:44,7/13/20 21:48
531712,6019,7/13/20 21:49,7/13/20 21:50
531712,6020,7/13/20 21:50,7/13/20 21:54
531712,5925,7/13/20 21:55,7/13/20 21:58
531712,5069,7/13/20 21:59,7/13/20 22:01
531712,6007,7/13/20 22:01,7/13/20 22:08
531712,6041,7/13/20 22:09,7/13/20 22:10
531712,5784,7/13/20 22:11,7/13/20 22:15
531712,6046,7/13/20 22:15,7/13/20 22:17
531712,5615,7/13/20 22:17,7/13/20 22:26
531712,5959,7/13/20 22:26,7/13/20 22:27
531712,5960,7/13/20 22:28,7/13/20 22:28
531712,5955,7/13/20 22:29,7/13/20 22:36
531712,5285,7/13/20 22:39,7/13/20 23:07
531712,4755,7/13/20 22:39,7/13/20 22:40
531712,5915,7/13/20 22:44,7/13/20 22:51
531712,2599,7/13/20 22:51,7/13/20 22:57
531712,3227,7/13/20 23:00,7/13/20 23:01
531712,3226,7/13/20 23:01,7/13/20 23:04
531712,1820,7/13/20 23:05,7/13/20 23:06
531712,5617,7/13/20 23:06,7/13/20 23:10
531712,5618,7/13/20 23:10,7/13/20 23:11
531712,5766,7/13/20 23:16,7/13/20 23:18
531712,5767,7/13/20 23:19,7/13/20 23:20
531712,5768,7/13/20 23:20,7/13/20 23:23
531712,5769,7/13/20 23:23,7/13/20 23:32
531712,4020,7/13/20 23:40,7/14/20 0:07
531712,5284,7/13/20 23:46,7/13/20 23:47
531712,5854,7/13/20 23:48,7/13/20 23:52
531836,5642,7/13/20 23:58,7/14/20 0:01
531836,5644,7/14/20 0:03,7/14/20 0:45
531836,6016,7/14/20 0:19,7/14/20 0:38
531836,5970,7/14/20 1:00,7/14/20 1:02
531836,5783,7/14/20 1:03,7/14/20 1:08
531836,5177,7/14/20 1:09,7/14/20 1:12
532133,5852,7/13/20 16:42,7/13/20 16:45
532536,5593,7/14/20 0:38,7/14/20 1:03
532536,5605,7/14/20 1:03,7/14/20 1:24
535150,5886,7/14/20 2:55,7/14/20 2:56
535178,5601,7/13/20 14:08,7/13/20 16:33
536266,5692,7/13/20 17:25,7/13/20 19:39
536266,5849,7/13/20 18:44,7/13/20 19:06
536266,6032,7/13/20 19:09,7/13/20 19:11
536940,5967,7/13/20 15:08,7/13/20 15:55
536940,5885,7/13/20 15:15,7/13/20 15:52
536940,5888,7/13/20 15:21,7/13/20 15:27
536940,5887,7/13/20 15:27,7/13/20 15:31
536940,5886,7/13/20 15:31,7/13/20 15:34
536940,5380,7/13/20 15:34,7/13/20 15:38
536940,5382,7/13/20 15:39,7/13/20 15:42
536940,6032,7/13/20 15:43,7/13/20 15:50
536940,5849,7/13/20 15:56,7/13/20 16:10
536940,5851,7/13/20 16:09,7/13/20 16:16
536940,5439,7/13/20 16:16,7/13/20 16:19
536940,5440,7/13/20 16:18,7/13/20 16:24
536940,4900,7/13/20 16:26,7/13/20 16:30
536940,6046,7/13/20 16:30,7/13/20 16:37
536940,6045,7/13/20 16:37,7/13/20 16:48
536940,6037,7/13/20 16:48,7/13/20 16:50
536940,5783,7/13/20 16:51,7/13/20 16:52
536940,6003,7/13/20 16:53,7/13/20 16:56
536940,4683,7/13/20 16:56,7/13/20 16:58
536940,5854,7/13/20 17:00,7/13/20 17:07
536940,5906,7/13/20 17:06,7/13/20 17:10
541166,9000,7/14/20 3:13,7/14/20 3:19
544595,5548,7/13/20 23:19,7/14/20 0:53
544595,5854,7/14/20 0:54,7/14/20 1:13
544595,6029,7/14/20 1:15,7/14/20 1:37
545357,5644,7/14/20 3:18,7/14/20 3:21
5454,5441,7/13/20 19:25,7/13/20 19:27
5454,5444,7/13/20 19:28,7/13/20 19:38
5454,5641,7/13/20 19:39,7/13/20 19:47
5454,5852,7/13/20 19:48,7/13/20 20:00
5454,5848,7/13/20 20:00,7/13/20 20:03
5454,5854,7/13/20 20:03,7/13/20 20:05
5454,5851,7/13/20 20:17,7/13/20 20:21
5454,5847,7/13/20 20:20,7/13/20 20:23
5454,5902,7/13/20 20:23,7/13/20 20:25
5454,5642,7/13/20 20:25,7/13/20 20:30
5454,5644,7/13/20 20:30,7/13/20 20:33
546736,5919,7/13/20 18:20,7/13/20 19:56
546736,5847,7/13/20 18:27,7/13/20 18:48
546736,5851,7/13/20 18:48,7/13/20 18:54
546736,5854,7/13/20 18:54,7/13/20 18:58
546736,6009,7/13/20 19:00,7/13/20 19:45
546744,5070,7/14/20 0:40,7/14/20 0:43
546744,5416,7/14/20 0:44,7/14/20 1:51
546744,5548,7/14/20 1:14,7/14/20 3:34
547351,4900,7/13/20 17:08,7/13/20 19:06
547351,6032,7/13/20 18:13,7/13/20 18:51
547351,6033,7/13/20 18:53,7/13/20 19:02
547389,6012,7/13/20 22:26,7/13/20 22:58
547389,6013,7/13/20 23:02,7/13/20 23:03
547389,5907,7/13/20 23:04,7/13/20 23:27
547389,5906,7/13/20 23:28,7/13/20 23:40
547389,5393,7/13/20 23:40,7/13/20 23:51
547390,5907,7/13/20 22:28,7/13/20 22:33
547390,6011,7/13/20 22:34,7/13/20 22:37
547390,6013,7/13/20 22:38,7/13/20 22:39
547390,5417,7/13/20 22:40,7/13/20 22:42
547390,5418,7/13/20 22:42,7/13/20 23:25
547390,5550,7/13/20 22:50,7/13/20 22:54
547390,5549,7/13/20 22:54,7/13/20 22:56
547390,5416,7/13/20 23:08,7/13/20 23:11
547390,5393,7/13/20 23:12,7/13/20 23:16
547390,6048,7/13/20 23:17,7/13/20 23:18
547390,6047,7/13/20 23:19,7/13/20 23:21
547390,4336,7/13/20 23:26,7/13/20 23:30
547390,5851,7/13/20 23:33,7/13/20 23:42
547390,6032,7/13/20 23:46,7/14/20 0:28
549664,5440,7/13/20 14:19,7/13/20 14:22
549664,5641,7/13/20 14:22,7/13/20 14:30
549664,5854,7/13/20 14:33,7/13/20 14:39
549664,6034,7/13/20 14:38,7/13/20 14:42
551348,5920,7/13/20 15:27,7/13/20 15:31
551348,5919,7/13/20 15:32,7/13/20 15:46
551529,5295,7/13/20 14:53,7/13/20 15:02
551529,6021,7/13/20 15:10,7/13/20 15:18
552858,5823,7/14/20 2:57,7/14/20 4:37
554314,5482,7/13/20 20:37,7/13/20 20:51
555962,4605,7/13/20 23:46,7/14/20 0:48
556177,3235,7/13/20 16:44,7/13/20 17:45
556631,5954,7/13/20 15:07,7/13/20 15:30
556753,6034,7/14/20 3:48,7/14/20 4:27
557095,5601,7/14/20 0:47,7/14/20 0:48
557096,5601,7/14/20 0:48,7/14/20 0:51
557160,5601,7/14/20 0:53,7/14/20 0:54
557383,5601,7/14/20 0:54,7/14/20 0:56
557746,5907,7/13/20 23:36,7/13/20 23:40
557746,4336,7/14/20 0:06,7/14/20 0:10
559756,5959,7/13/20 15:06,7/13/20 15:09
559797,5856,7/13/20 16:43,7/13/20 17:10
559797,4274,7/13/20 17:17,7/13/20 17:19
559797,5439,7/13/20 17:20,7/13/20 17:32
559797,5641,7/13/20 17:32,7/13/20 17:34
559797,5416,7/13/20 17:34,7/13/20 17:40
559797,5925,7/13/20 17:41,7/13/20 17:47
560492,5821,7/13/20 18:37,7/13/20 18:46
560492,5979,7/13/20 18:47,7/13/20 18:52
560492,5902,7/13/20 18:53,7/13/20 20:38
560492,6016,7/13/20 18:55,7/13/20 19:00
560492,6033,7/13/20 19:04,7/13/20 19:08
560492,4900,7/13/20 19:09,7/13/20 20:20
560492,5644,7/13/20 19:48,7/13/20 19:49
560492,5444,7/13/20 20:23,7/13/20 20:24
560492,5418,7/13/20 20:28,7/13/20 20:29
560492,6032,7/13/20 20:38,7/13/20 20:38
560801,5973,7/13/20 22:43,7/14/20 0:53
560802,5974,7/13/20 22:44,7/14/20 0:53
560808,5440,7/14/20 0:40,7/14/20 1:17
560808,3553,7/14/20 1:41,7/14/20 2:09
560808,5386,7/14/20 2:14,7/14/20 2:17
560808,4441,7/14/20 2:19,7/14/20 2:21
560808,5847,7/14/20 2:22,7/14/20 2:24
560808,5544,7/14/20 2:46,7/14/20 2:55
560833,3900,7/13/20 19:04,7/13/20 19:08
560833,5693,7/13/20 19:10,7/13/20 19:11
560834,5617,7/13/20 19:09,7/13/20 19:23
560835,4599,7/13/20 19:22,7/13/20 19:52
560835,4601,7/13/20 19:53,7/13/20 20:34
560835,5331,7/14/20 0:18,7/14/20 0:52
560838,5603,7/13/20 20:45,7/13/20 20:58
560838,5818,7/13/20 20:59,7/13/20 21:06
560839,5481,7/13/20 22:43,7/14/20 0:05
560839,5776,7/13/20 23:33,7/13/20 23:38
560840,5480,7/13/20 22:38,7/14/20 0:06
560840,5851,7/13/20 22:48,7/13/20 22:51
560840,5852,7/13/20 22:52,7/13/20 22:56
560840,4693,7/13/20 23:08,7/13/20 23:36
560840,5284,7/13/20 23:17,7/13/20 23:19
560840,5481,7/13/20 23:22,7/13/20 23:25
560840,4695,7/13/20 23:43,7/13/20 23:51
560841,5891,7/13/20 23:33,7/13/20 23:34
560841,5887,7/13/20 23:36,7/13/20 23:37
560841,5886,7/13/20 23:38,7/13/20 23:39
560841,5642,7/13/20 23:40,7/13/20 23:46
560841,5712,7/13/20 23:46,7/13/20 23:54
560841,5711,7/13/20 23:54,7/14/20 0:03
560841,5931,7/14/20 0:03,7/14/20 0:05
560841,6002,7/14/20 0:16,7/14/20 0:17
560841,5993,7/14/20 0:17,7/14/20 0:30
560841,4693,7/14/20 0:31,7/14/20 0:33
560841,6026,7/14/20 0:43,7/14/20 0:46
560842,5891,7/13/20 23:34,7/13/20 23:36
56843,5615,7/13/20 23:07,7/13/20 23:09
56843,6046,7/13/20 23:12,7/13/20 23:17
56843,3900,7/13/20 23:18,7/13/20 23:20
56843,6037,7/13/20 23:20,7/13/20 23:27
56843,5817,7/13/20 23:34,7/13/20 23:35
56843,5240,7/13/20 23:36,7/13/20 23:38
56843,5589,7/13/20 23:39,7/13/20 23:53
56843,5594,7/13/20 23:54,7/14/20 0:21
56843,6036,7/14/20 0:22,7/14/20 0:31
56843,5588,7/14/20 0:32,7/14/20 0:35
56843,3991,7/14/20 0:35,7/14/20 0:42
56843,5638,7/14/20 0:45,7/14/20 0:51
56843,5442,7/14/20 0:52,7/14/20 0:56
56843,5443,7/14/20 0:56,7/14/20 1:01
56843,5847,7/14/20 1:03,7/14/20 1:07
56843,5480,7/14/20 1:09,7/14/20 1:14
56843,5968,7/14/20 1:14,7/14/20 1:20
56843,5392,7/14/20 1:20,7/14/20 1:22
56843,5970,7/14/20 1:23,7/14/20 1:28
56843,5967,7/14/20 1:29,7/14/20 1:32
56843,5885,7/14/20 1:34,7/14/20 1:36
56843,6039,7/14/20 1:37,7/14/20 1:38
56843,5969,7/14/20 1:48,7/14/20 1:51
56843,6006,7/14/20 1:52,7/14/20 1:56
56843,5857,7/14/20 1:58,7/14/20 2:02
56843,5836,7/14/20 2:03,7/14/20 2:08
56843,5894,7/14/20 2:08,7/14/20 2:22
63150,5906,7/13/20 23:05,7/13/20 23:09
63150,4336,7/13/20 23:17,7/13/20 23:22
63152,5969,7/13/20 23:04,7/13/20 23:16
63152,5908,7/13/20 23:16,7/13/20 23:37
63152,5889,7/13/20 23:38,7/13/20 23:39
63152,5382,7/13/20 23:40,7/13/20 23:49
63152,5962,7/13/20 23:49,7/14/20 0:25
63268,6035,7/13/20 16:16,7/13/20 16:28
63268,5386,7/13/20 16:28,7/13/20 16:31
63268,5849,7/13/20 16:31,7/13/20 16:32
63268,5444,7/13/20 16:33,7/13/20 16:36
63268,5903,7/13/20 16:37,7/13/20 16:49
63268,5989,7/13/20 16:53,7/13/20 16:59
64570,5642,7/13/20 16:58,7/13/20 17:50
64570,6032,7/13/20 17:21,7/13/20 17:23
64570,5644,7/13/20 17:24,7/13/20 17:31
64570,5821,7/13/20 17:31,7/13/20 17:41
64570,5545,7/13/20 17:55,7/13/20 17:59
64570,5848,7/13/20 18:00,7/13/20 18:08
64570,5639,7/13/20 18:12,7/13/20 18:18
64570,5641,7/13/20 18:18,7/13/20 18:21
65456,9109,7/13/20 15:17,7/13/20 15:27
65456,9104,7/13/20 15:27,7/13/20 16:25
66783,5839,7/14/20 2:40,7/14/20 2:42
66783,3825,7/14/20 2:43,7/14/20 3:45
66783,9106,7/14/20 2:49,7/14/20 2:50
66783,9104,7/14/20 2:50,7/14/20 3:06
66783,9034,7/14/20 3:06,7/14/20 3:23
66783,9109,7/14/20 3:24,7/14/20 3:29
66783,9110,7/14/20 3:29,7/14/20 3:39
66783,9111,7/14/20 3:41,7/14/20 3:44
66783,6043,7/14/20 3:45,7/14/20 3:47
69698,5605,7/13/20 23:59,7/14/20 0:56
69698,3185,7/14/20 0:57,7/14/20 1:27
69698,4441,7/14/20 1:27,7/14/20 1:32
69698,6008,7/14/20 1:33,7/14/20 1:34
69698,5920,7/14/20 1:36,7/14/20 1:37
69793,5180,7/13/20 17:24,7/13/20 17:26
7046,4694,7/14/20 1:23,7/14/20 1:32
7046,5838,7/14/20 1:33,7/14/20 1:36
7046,5835,7/14/20 1:36,7/14/20 1:50
7046,5839,7/14/20 1:53,7/14/20 1:59
7046,5964,7/14/20 1:59,7/14/20 2:05
70589,3235,7/13/20 19:48,7/13/20 19:56
70589,3553,7/13/20 19:57,7/13/20 20:00
70589,3837,7/13/20 20:04,7/13/20 20:59
70589,5615,7/13/20 20:24,7/13/20 20:28
70589,9000,7/13/20 20:30,7/13/20 20:43
71954,3532,7/13/20 18:50,7/13/20 19:01
71954,4274,7/13/20 19:01,7/13/20 19:02
71954,5192,7/13/20 19:06,7/13/20 19:11
71954,5672,7/13/20 19:13,7/13/20 19:17
71954,5821,7/13/20 19:21,7/13/20 19:25
71954,5761,7/13/20 19:26,7/13/20 19:27
7314,4275,7/13/20 22:52,7/13/20 23:08
7314,5588,7/13/20 23:10,7/13/20 23:24
7325,5930,7/13/20 22:51,7/13/20 22:59
7325,6001,7/13/20 23:03,7/13/20 23:14
7325,5461,7/13/20 23:18,7/13/20 23:25
73544,5903,7/13/20 15:47,7/13/20 15:59
73544,6033,7/13/20 16:01,7/13/20 16:15
73544,5907,7/13/20 16:15,7/13/20 16:20
73544,6003,7/13/20 16:22,7/13/20 16:39
73544,5966,7/13/20 16:39,7/13/20 16:44
73544,5904,7/13/20 16:45,7/13/20 16:52
73614,6049,7/13/20 20:53,7/13/20 21:18
73614,6054,7/13/20 21:18,7/13/20 21:19
73614,5981,7/13/20 21:21,7/13/20 21:50
73614,6047,7/13/20 21:27,7/13/20 21:32
73614,6048,7/13/20 21:32,7/13/20 21:45
73614,5482,7/13/20 22:05,7/13/20 22:11
73614,5478,7/13/20 22:11,7/13/20 22:12
73614,5070,7/13/20 22:14,7/13/20 22:22
73614,5642,7/13/20 22:24,7/13/20 22:28
73614,5873,7/13/20 22:29,7/13/20 22:33
73614,5824,7/13/20 22:33,7/13/20 22:34
73614,5987,7/13/20 22:35,7/13/20 22:48
73614,5879,7/13/20 22:50,7/13/20 23:02
73614,6010,7/13/20 23:05,7/13/20 23:20
73614,3514,7/13/20 23:28,7/13/20 23:39
74123,5594,7/14/20 1:44,7/14/20 2:07
74123,5601,7/14/20 2:12,7/14/20 4:45
75275,3829,7/13/20 22:00,7/14/20 0:37
75275,5180,7/13/20 22:20,7/13/20 22:28
75275,4442,7/13/20 23:56,7/13/20 23:59
75275,4441,7/14/20 0:08,7/14/20 0:16
75402,6021,7/13/20 18:41,7/13/20 19:11
75402,5839,7/13/20 19:02,7/13/20 19:07
75402,6044,7/13/20 19:11,7/13/20 19:16
75402,5776,7/13/20 19:17,7/13/20 19:24
75402,5772,7/13/20 19:25,7/13/20 19:29
75402,5069,7/13/20 19:30,7/13/20 19:33
75402,6042,7/13/20 19:34,7/13/20 19:40
75402,6043,7/13/20 19:40,7/13/20 19:59
75402,5480,7/13/20 20:07,7/13/20 20:38
75402,5906,7/13/20 20:43,7/13/20 21:03
75402,5835,7/13/20 21:04,7/13/20 21:11
75402,5836,7/13/20 21:11,7/13/20 21:17
75402,5416,7/13/20 21:18,7/13/20 21:19
77183,5123,7/13/20 23:31,7/13/20 23:41
77183,9034,7/13/20 23:41,7/14/20 0:27
7755,5441,7/13/20 21:32,7/13/20 21:40
7755,4599,7/13/20 21:35,7/14/20 4:21
7755,5641,7/13/20 21:41,7/14/20 2:33
7755,5852,7/13/20 21:43,7/14/20 1:25
7755,5443,7/13/20 21:46,7/13/20 21:53
7755,6034,7/13/20 22:21,7/14/20 2:00
7755,4605,7/13/20 22:33,7/14/20 4:06
7755,4601,7/14/20 0:25,7/14/20 3:41
7755,6035,7/14/20 1:30,7/14/20 1:33
7755,5847,7/14/20 1:33,7/14/20 1:34
7755,5783,7/14/20 1:41,7/14/20 1:46
7755,5910,7/14/20 2:01,7/14/20 2:09
7755,5440,7/14/20 2:33,7/14/20 2:34
7755,5444,7/14/20 4:07,7/14/20 4:10
7755,5848,7/14/20 4:11,7/14/20 4:15
7863,5887,7/13/20 17:40,7/13/20 17:43
78656,5123,7/13/20 18:17,7/13/20 18:21
7867,5920,7/13/20 17:25,7/13/20 17:29
7867,4660,7/13/20 17:30,7/13/20 17:33
7867,5991,7/13/20 17:33,7/13/20 17:46
7867,5930,7/13/20 17:46,7/13/20 17:49
7867,5712,7/13/20 17:50,7/13/20 17:50
7867,5868,7/13/20 17:51,7/13/20 17:53
7867,5878,7/13/20 17:54,7/13/20 17:55
7867,6020,7/13/20 17:56,7/13/20 18:01
7867,5889,7/13/20 18:02,7/13/20 18:04
7867,5925,7/13/20 18:05,7/13/20 18:10
7867,5907,7/13/20 18:10,7/13/20 18:16
7867,6033,7/13/20 18:23,7/13/20 18:27
7867,5986,7/13/20 18:30,7/13/20 18:36
7867,9000,7/13/20 18:37,7/13/20 18:44
7867,6029,7/13/20 18:44,7/13/20 18:48
7867,5854,7/13/20 19:12,7/13/20 19:16
7867,6007,7/13/20 19:15,7/13/20 19:19
7867,6035,7/13/20 19:19,7/13/20 19:20
7867,5182,7/13/20 19:21,7/13/20 19:29
7867,4241,7/13/20 19:29,7/13/20 19:39
7867,3235,7/13/20 19:40,7/13/20 19:44
7867,5589,7/13/20 19:45,7/13/20 19:47
7867,5240,7/13/20 19:47,7/13/20 19:54
7867,5241,7/13/20 19:54,7/13/20 19:56
7867,6025,7/13/20 19:59,7/13/20 20:49
7869,5887,7/13/20 17:43,7/13/20 17:48
83264,9106,7/13/20 14:15,7/13/20 17:29
83836,5444,7/13/20 20:12,7/13/20 20:15
83836,5605,7/13/20 20:16,7/13/20 21:32
83836,5439,7/13/20 23:05,7/13/20 23:08
85959,5087,7/13/20 16:30,7/13/20 16:39
85959,4442,7/13/20 16:40,7/13/20 16:42
85959,4441,7/13/20 16:43,7/13/20 16:43
86489,3227,7/14/20 2:37,7/14/20 2:44
87565,5123,7/13/20 18:25,7/13/20 18:33
88302,4275,7/14/20 2:07,7/14/20 2:22
88302,3514,7/14/20 2:24,7/14/20 2:27
88302,9000,7/14/20 2:28,7/14/20 2:35
88302,5285,7/14/20 2:40,7/14/20 2:43
88302,3837,7/14/20 2:44,7/14/20 4:10
89093,5385,7/13/20 21:46,7/13/20 21:48
89175,5851,7/13/20 21:20,7/13/20 22:33
89175,5641,7/13/20 23:01,7/13/20 23:05
89175,6035,7/13/20 23:07,7/13/20 23:15
89175,5442,7/13/20 23:18,7/14/20 0:08
90876,5644,7/13/20 19:43,7/13/20 19:48
91846,5444,7/14/20 1:08,7/14/20 2:14
92463,5440,7/13/20 14:55,7/13/20 15:10
92463,5847,7/13/20 15:09,7/13/20 15:12
92463,6008,7/13/20 15:11,7/13/20 15:14
92463,5392,7/13/20 15:14,7/13/20 15:16
92463,5644,7/13/20 15:17,7/13/20 15:19
92463,4659,7/13/20 15:19,7/13/20 15:23
92463,5966,7/13/20 15:24,7/13/20 15:27
92463,6014,7/13/20 15:27,7/13/20 15:32
92742,5442,7/14/20 4:08,7/14/20 4:49
95509,4696,7/13/20 20:17,7/13/20 20:30
95509,4693,7/13/20 20:38,7/13/20 21:23
95509,5482,7/13/20 21:24,7/13/20 21:28
95509,5823,7/13/20 21:50,7/14/20 1:25
95509,4695,7/13/20 23:16,7/14/20 1:31
95509,5386,7/13/20 23:24,7/13/20 23:27
95509,5385,7/13/20 23:28,7/13/20 23:36
95509,5117,7/14/20 0:14,7/14/20 0:22
95682,6018,7/13/20 19:25,7/13/20 19:50
95682,5887,7/13/20 19:54,7/13/20 20:07
95723,5711,7/13/20 19:03,7/13/20 19:04
95723,5930,7/13/20 19:04,7/13/20 19:05
95723,5919,7/13/20 19:05,7/13/20 19:07
95723,5998,7/13/20 19:10,7/13/20 19:11
95723,5994,7/13/20 19:11,7/13/20 19:21
9601,6006,7/13/20 18:27,7/13/20 18:36
9601,5968,7/13/20 18:38,7/13/20 18:41
9601,3837,7/13/20 18:42,7/13/20 18:44
9601,6035,7/13/20 18:45,7/13/20 18:49
9601,5639,7/13/20 18:50,7/13/20 18:55
9601,6037,7/13/20 18:55,7/13/20 19:03
9652,5908,7/13/20 14:26,7/13/20 14:43
9652,6007,7/13/20 14:46,7/13/20 15:53
9652,6006,7/13/20 15:01,7/13/20 15:30
9652,5906,7/13/20 15:30,7/13/20 15:41
9652,5776,7/13/20 15:56,7/13/20 17:00
9652,6028,7/13/20 16:06,7/13/20 16:30
9652,4695,7/13/20 16:31,7/13/20 16:48
97890,5693,7/13/20 19:31,7/13/20 22:09
97890,5439,7/13/20 19:37,7/13/20 19:41
97890,5692,7/13/20 19:41,7/13/20 20:30
97890,5638,7/13/20 21:55,7/13/20 21:57
99759,5644,7/13/20 19:39,7/13/20 19:43